temp,pressure,vibration,radiation,coolant_flow,label
282.5818418330356,216.27449219290742,0.12401057689785475,3.566747993110364,80.02225542801912,0
341.6468182205307,215.04136858024762,0.10748468664914854,4.6842029925791575,116.46326193863563,1
417.0997841242134,105.20575849048667,0.11502050484168444,3.9799952822797984,91.14052463007482,0
295.998226736369,103.14128438462926,0.11209476104752254,3.964017012687788,110.67428931848616,0
371.49676057284574,113.67952387690107,0.06935928142289531,3.7469996633514833,110.25520855887895,0
312.86073376490646,114.07225575385773,0.024398959329862045,2.3106681022847098,102.93742374438457,0
432.964391741001,212.57054620321728,0.04920477618924587,2.7700729278268708,87.03514862254058,0
299.55315846006965,195.32668281442307,0.07776264886715273,0.6544432470154216,92.74918830955905,0
392.6780535370184,200.01684492773376,0.05067321775109377,1.084845267837477,98.8570604872065,0
337.9504333758544,141.29354389888573,0.10414645414282185,0.5385215864276501,107.94916769944366,0
298.049928889754,182.94753191018972,0.14160176941054503,1.7283290393065383,85.97856777057982,0
425.6763139508705,131.10860734194392,0.05324872609906285,0.7409709073876405,105.06902645980468,0
343.39928613347104,110.03260839168065,0.09031574257419991,0.7322402947144422,84.88768287714468,0
324.6398581626628,110.49642608444772,0.061398771896806585,4.370178252736034,116.30972260309014,1
281.3130081545548,157.66811520147206,0.09573828449055286,0.9129255083063241,87.51470456143488,0
424.51431507387355,192.79715064193314,0.059950589014860375,4.131926272323214,118.27038795353292,1
443.3060747907989,127.43525096077934,0.019464576811730368,2.5811515611663376,94.37095015652451,0
286.67580954099066,101.1595446480068,0.14503237636487148,0.6987598125408112,119.65353007837396,0
296.4637193175741,216.43570078045047,0.1410074991240142,2.2960997819455433,95.73203108778999,0
366.26251671960273,141.16884059280366,0.02461812306951329,2.1389963983492795,119.6925100903751,0
417.17393812211833,177.66593951594166,0.11650544035482804,4.044588953129558,96.5455072319683,1
347.3612292320575,108.95451219770686,0.0787191291899407,3.642106842164485,118.31302962231116,0
340.901666653489,212.2635443275043,0.012999476536696756,0.6670812545110971,105.62729521994578,0
316.62263472369284,196.1926564047615,0.03435845832237139,3.56838211546244,110.33027473682544,0
390.9908154474214,174.29737089791388,0.14941057713783132,0.6253329563506352,90.50816633483069,0
396.11921332285146,204.1664806025624,0.019526835896838027,1.9544632160693525,103.86356198100076,0
312.9054902956824,196.63517240008684,0.0634753515210884,2.7402098145099933,110.45150020011916,0
258.5736458640348,189.33063980767417,0.08664707460941969,3.0474580882222293,102.0929972289624,0
284.91309480004213,181.81072723260928,0.14295902671163768,3.949705992501799,88.42088092771989,0
330.259058554454,219.92734652476472,0.08381178702045936,1.316678492576926,105.03419170268145,0
270.77314299712657,108.69533861691377,0.07359561053351141,0.7332109906776624,91.28315784080291,0
341.3352775210468,149.12459567852693,0.14390098131324253,2.3029849556711666,82.61664841969935,0
405.6572748945923,119.14338647497128,0.14447976427617204,1.8364482427638795,83.30069713089523,1
399.44740435168205,137.4275575752235,0.09676707523183124,4.225668333871073,92.98087966384965,1
399.6764609025113,216.0509905231217,0.08031340080390353,2.292902459343446,118.16986643651929,0
386.71980171681014,161.55825529047652,0.017989419658269758,4.878516011001517,89.65628943102345,1
413.3282755575316,116.68711477459311,0.04515278406732522,2.9165301270246893,83.16334033969291,1
290.9220637623431,193.02376383836685,0.0770074049892073,2.0489971094713395,92.25443299809373,0
308.207725032903,116.81776793303456,0.02926001178134547,3.2074076859628295,111.8474048207998,0
407.26251481544784,156.4351565958529,0.12697688414431543,2.520117995491816,83.07752267609808,1
252.7440730113948,195.8159942223711,0.04657332133039437,3.4888757418450416,95.06494171576142,0
289.42274778935166,190.2687131158153,0.07622266608747981,3.443199906097872,113.70172403462402,0
376.82484860626323,198.37848570218887,0.1443439574214073,1.7815534592286644,89.89139303264625,0
251.52776078195984,120.35507696131093,0.09231096811265617,4.120736428502491,117.11273031582179,1
444.17278682555946,142.14388372241913,0.1380814824963483,0.40604337091577036,111.8213537076526,0
425.4588203887425,120.41024830903478,0.1044460085364278,2.5508337059826975,95.6699068181109,0
259.54188621976033,167.04445759020172,0.13242923170188656,1.2568814731296192,101.85946100256531,0
367.0389040500415,180.4737819479068,0.12624094273978628,1.375688842210625,113.9815565123105,0
273.7383484048881,190.95515518970657,0.05874458789904297,0.7721716451528623,114.10767953970804,0
410.0233478899572,124.66386558969174,0.06471068797352372,2.091428949322646,83.38822415859471,1
316.6394967521348,217.77302766381635,0.11382650070574758,4.693758697564838,85.02989288501253,1
332.072227649617,214.13965367503732,0.06405499368668183,2.152634642717694,102.96635436060384,0
289.0230320682116,116.07797969390167,0.02943218694405409,2.6193533730461143,119.77321972082404,0
401.78683412383776,218.30091374748292,0.13575832272649094,4.912769801812505,83.97270108358506,1
336.7147407718982,198.8912537473883,0.030302498661663763,4.130001061991412,91.65819339649231,1
290.89545289225237,157.29051748862776,0.03145293027478753,3.792408367683582,115.9232883607904,0
391.01657465454275,134.5341327198321,0.1337845483571123,2.7551843568654517,80.6701181918907,0
261.42197194950154,206.31807927058043,0.02821865971097768,4.207771437668079,90.14836819947318,1
353.9658898852726,146.73378247588244,0.10841358768447869,1.6841771356404107,101.34107522120621,0
276.96067209306335,162.6008854447487,0.04633552122355951,1.5317917103952061,90.87720797789731,0
349.55784507540767,170.8007982564813,0.025000234868876668,2.166407314559067,113.05212295860287,0
432.6071050691846,116.19915057956565,0.05386827948366123,4.36715406541662,80.25181906282253,1
301.9581681217062,179.6817975739122,0.09991932826895322,2.85387714882214,119.85447543529575,0
379.40367876479957,206.25631942575734,0.0750327684488796,1.5699422280232935,95.82361741794388,0
421.55769371273817,135.4928839876455,0.14067940399576698,4.3476917591965965,85.34472516786767,1
323.6421970123848,154.8781888724372,0.060319989705130715,2.3895860182933326,99.52803257448959,0
263.53434219660915,197.39377864436295,0.10159879275084505,4.487751059162031,115.1483733712193,1
412.14358861814094,158.79640659908785,0.1197395897796691,1.9782693406700398,104.80988142269678,0
329.3837538854725,207.0340701400489,0.10683995223413559,2.211228845825314,82.43828067460836,0
386.9152512849052,198.15121656472127,0.12242873522088124,4.3672590621322325,117.11912100511243,1
355.48336587361575,151.5715544421574,0.13940447822606777,2.9033529837237784,116.20016211855331,0
423.87111014850757,165.5433735688702,0.1340227431773999,0.7935090684444446,100.67696194137874,0
316.14203466056557,218.47855491144162,0.046270526420542746,4.662053901486887,83.37396226901707,1
299.6490153455779,110.32949642381172,0.03938692553295117,0.8447432077266498,111.00150964698744,0
349.43229002980786,112.2385810580908,0.07953390303631795,4.717451509089678,111.94970624408612,1
401.69027334169357,184.34917797662905,0.07057080691531116,4.472317624640969,109.05226931727971,1
332.4184522897533,160.56574661154315,0.07815848021313057,0.42649241418509,85.69566783692478,0
284.21435918584933,135.6163632543487,0.015740626476051723,0.902431081550012,99.02665412581025,0
289.897930410246,169.1879391032,0.08720257766670172,1.4738889065860845,119.655746615391,0
348.92099373728854,178.13058418810192,0.01439360440414916,0.39731120384870955,87.77153956709772,0
399.8289598389139,104.35271701846324,0.07936749612336975,3.798114352807055,81.53842665054691,0
342.94867736419803,188.19102091912828,0.0640811403295696,3.7324841166052836,104.1040515914377,0
345.4434616741832,207.83299275152314,0.13404048266237442,1.556590690338451,84.63605651958301,0
396.8208394942126,136.57246056241473,0.01878180185737883,1.1078925230767078,96.69001522573525,0
307.0631551296216,107.31112773615757,0.022208320463018773,1.723894010438342,106.66480888023872,0
392.6582044715118,196.32573970414677,0.1036134969610313,1.2565506882671569,90.89719287319676,0
294.22730446350477,202.69179650052484,0.023498191998426773,2.9599666037556296,105.08077926674133,0
437.5686453168963,128.1348700095199,0.03967432878987342,2.5981835023572684,119.87149731323919,0
305.32742020644315,100.85637735015607,0.11182212070186669,2.0699379304986225,113.34302182095482,0
415.75030573804077,183.65640851853155,0.08701473242203524,4.479489908006727,119.32321479202554,1
343.8647805166073,197.9996912989336,0.018771406783057824,0.47387968693728877,92.3767164432961,0
368.75948939001574,101.88299311064291,0.10835559208002742,2.563124852684555,97.389144684147,0
289.1654899618747,144.44044228238965,0.14935303048252535,1.589463228235657,81.17155960302442,0
438.82562083740265,134.93749146795508,0.07373520102631934,4.62098787024274,108.28406755802575,1
356.33410857797537,190.4439360029761,0.027415786829020294,4.786150584563891,100.11684787859431,1
315.480444034831,106.69428143674119,0.04491515417738034,4.353121935742891,109.98510611540462,1
338.31646550059077,216.93528899083094,0.05538302210764863,4.432511109846248,113.37417731303955,1
411.5952325610074,197.74892144255952,0.015210168060769344,1.9291341244241962,113.24239628415451,0
297.39788789453115,179.89741275514046,0.08809359556325844,3.269840466847465,103.77911342033944,0
406.77916586109217,173.37389435585695,0.10622688467566321,2.032779833395837,87.93458812933628,0
349.0296454186812,124.84458985090356,0.14632251082045997,4.017127698068354,104.5464205898548,1
277.59897698768407,159.29925813401795,0.10006316477323783,4.51530546390203,105.58725645293248,1
448.95059001512936,109.10965063671517,0.04384798561638817,4.9652020050277725,112.40922395459768,1
439.4826207177893,170.2042908933729,0.03203350654596416,3.7733161806707427,80.50993921402544,1
252.69785914405526,104.09601420813013,0.05058228023208549,4.016857939527212,114.90404366769133,1
336.41958374160123,100.79681969638268,0.14749178614611283,1.6138152941328623,94.01991611211511,0
267.9211344311067,206.25418404616101,0.09978516545149056,0.17993806068631527,109.15057059510744,0
388.4253392865345,177.31649195902125,0.11330279225986421,0.4673511637550868,92.16424587795122,0
386.6878880673745,153.01220708223565,0.045486068458042594,3.935765286582637,89.39838711521573,0
415.38615494860267,138.79780682473893,0.042260197423716984,1.8060497044713129,119.12288296360151,0
331.36023443120445,169.00088141597544,0.012348715782539542,3.001223965854696,113.01352883258818,0
279.77850593285746,197.11621878296012,0.14611766947435026,3.9962998255692863,88.41192208847012,0
293.561439676258,155.48853295286622,0.029816610760551115,3.7923321454657155,102.78839200634022,0
259.8132516071308,178.29164831160085,0.02011266875397604,2.889821626878534,107.66112385663988,0
444.5357304406531,219.11036863198717,0.11368271101336407,1.1753363428060781,101.26477983192035,0
252.29467424902217,166.00813889988208,0.13209775942423108,2.2166013805809253,100.50153377771468,0
420.72889154204023,197.28530951539193,0.07308032358541351,4.0219401824058805,103.41693778680064,1
426.2339408179939,100.81458625805598,0.05583911054605186,1.040713282617448,97.52422005616594,0
428.50333076694915,154.4804162836191,0.128141204195008,4.090205640299032,96.99166259268273,1
375.3402759245899,219.77867424967468,0.13550619822758597,4.025261045063541,107.51405012856702,1
447.95995074596465,146.76844551842652,0.12237834329421003,1.0296690298788078,88.7408117736263,0
300.4867037405319,149.43603390285375,0.014461595265695844,1.4323834290115698,97.60474170353103,0
379.2575140959688,151.1673020581463,0.03923381850171116,2.3912268764143203,117.55604323857202,0
284.0790642610711,148.97517031564973,0.11037852743615477,4.910060681214491,82.14735474534419,1
436.3119750249931,136.4339648993152,0.03352790547044152,4.114230359557976,81.9773880891438,1
271.2445152044599,214.22049855558157,0.0536066195308945,2.1154432967362102,98.16257391187474,0
288.26754884288516,131.44479870321194,0.09222691498929153,1.766500674470195,100.71441257265664,0
333.9610813246901,218.53233239230832,0.09255492540482421,0.28249366168080525,100.80306771880109,0
419.0210521113915,180.33274049110304,0.015861628546126806,0.6488060038059481,103.2312088051992,0
286.54248525859515,198.68115413618636,0.127500797023897,2.2139733621365636,101.72139853874923,0
400.27543824152065,202.40043605588096,0.016153096885235686,4.326840608067258,109.29263554644595,1
368.2265591241386,132.2536191460309,0.07607567306427905,3.497526987216518,102.7089019799285,0
321.69690401225984,180.00948001647203,0.0382587193712881,0.3855654490618633,112.20381815033541,0
370.0147467933431,216.02910800498557,0.01997915848563369,2.1630037452547306,93.13023432658939,0
340.93748264490875,208.86375083535168,0.0783568888619948,2.3130346138207476,96.03200669775511,0
408.1561654838657,173.23865813663315,0.04372869022176215,2.0842461615396988,113.32715069968923,0
269.14882631928697,131.56442739161855,0.04812725377038345,3.6182937055025426,102.01518099828299,0
288.4627199713011,171.87443661888693,0.13608395241603088,0.6962634226093943,89.15166827600153,0
417.3050060570872,143.01467505995942,0.036107615519395786,4.143778884281858,90.43723594362578,1
288.5684927653848,187.70030611773456,0.10575584501419415,0.3502382635087079,114.04130320349645,0
353.0316741684183,139.24390084556126,0.05115812587778547,2.0687684551160754,110.50538003570787,0
254.41298420379636,156.58837681563614,0.06517936451851332,3.102681398706717,114.6002756154345,0
270.9328416610641,196.94076365301652,0.07192819190290653,2.1927358063427103,95.24653619641349,0
418.5919201447679,169.97019277149678,0.0749710248216915,4.582576128861109,90.09085418511903,1
285.8541384458241,191.0255998754001,0.03355825350931959,3.649551960232518,105.53957813588092,0
350.9470494938726,123.43807979275942,0.02474957400628186,1.7775891018830343,119.56958640437463,0
272.6994383393337,123.50904380988734,0.10961899328707765,3.295680594991237,99.42730155066934,0
330.722615487589,172.3773771430692,0.10248812698732788,2.026233718405444,99.07386611640774,0
337.3091125567748,188.19226411989703,0.11110767372644853,2.3695604155893166,82.9856534266666,0
274.24563121355493,132.7018718769743,0.1381976492678933,4.725831415162606,89.5195470116976,1
359.3816154115119,147.8224987891285,0.1484604566536657,2.110908239523294,105.22345001171342,0
325.2528889406077,116.52669065892766,0.06271172450471009,1.1226227880087771,111.85932686674866,0
306.16725047808694,132.59386406046917,0.029200157481507574,2.3307509646465445,94.98808518758925,0
401.8522941756539,168.87613158173576,0.1306001979182896,2.400896995612528,109.04251163434522,0
292.07675429582605,146.67528409290685,0.09615767031803014,0.24614454467296612,99.99781048255223,0
301.08804435039167,116.32678083191969,0.10547009794444914,2.5896546377132657,103.28280736068942,0
367.30521802880423,138.79076386249108,0.04874713026771327,4.521635083719519,106.04520034755966,1
378.8499435664927,180.90844776161407,0.08974927136006124,1.5780163465279995,83.56215972379063,0
285.460650981262,151.12885797888308,0.09174689849370789,4.256612077491179,87.446207164515,1
264.36526925218186,169.4294447012852,0.14244586754238792,1.810840243999798,92.80472437532819,0
276.5339781912096,173.5842027029446,0.011842089262824245,0.34407252765324403,108.13245989345683,0
421.318909352022,125.42335930452134,0.03685914022944738,1.1284843741843302,103.42667429094647,0
300.7759879695809,183.08039462642253,0.11800227439219059,3.1184924740707816,87.8349621206902,0
353.1363672975837,152.51730129370927,0.12388131091123428,4.5519592586582975,100.4862052340259,1
391.5984284222866,124.14592439877424,0.0913794670235421,4.739395709941301,107.22984804586497,1
350.28747949983585,210.468666442137,0.05644763182850685,3.092411384251622,93.1001049255271,0
293.2742859334663,111.06391664308751,0.10924846869933068,2.2390671438232785,88.3698622347032,0
281.0845583363858,100.60224897532323,0.08783142282198209,3.5816678643067834,97.63746530957857,0
328.1298708712774,124.58868303889017,0.030796532794731137,3.5925280197926956,117.1050848655308,0
320.8028309596788,169.0938765926676,0.08348273089087399,3.6678956192092382,111.99638653589922,0
381.4684323315554,103.0945944174671,0.12555855195178006,3.503126741750153,118.10578823683278,0
357.05217586787353,200.98049579185906,0.07029802263159192,2.357450018178971,86.68536416435427,0
268.88390583619247,166.29891666078998,0.015553105616455912,1.3923009977316616,106.8073922232455,0
287.35787431269114,188.2657870388221,0.09681398433734671,2.9650833558022764,113.90467808848301,0
426.91665202597846,132.4700919739422,0.04918224196045476,4.580561190861022,83.87875604537336,1
347.35839745963636,194.40507422534546,0.08988132199859088,4.318334344026054,95.17727965214979,1
388.24981316315143,203.00756028826538,0.016503597461369535,2.786876281778808,83.44434058158132,0
283.4382304510702,195.86010107227452,0.05263823388580592,4.072109788848729,116.14324804760763,1
341.4594569191818,205.85244186099627,0.07458600145050759,4.107270835565024,89.04809031401706,1
333.46796666768245,143.96364815620794,0.03433054059231089,2.4644511534431097,104.32939847837628,0
404.1621468833529,110.08538210240705,0.02212351031807243,2.312950398279709,109.9604104852746,0
332.52843987965775,156.76817007577262,0.07243709742465297,1.8963363528338033,99.02600999968183,0
269.67394971641176,108.99142020767859,0.10587577131710155,0.18760034389992666,94.09809532693941,0
438.03184296351253,183.21120281063799,0.07277584735509157,2.3068929006199737,100.67653537047542,0
335.61380167908055,176.4964746618744,0.029215409594273274,1.9555981327225564,93.7561555427149,0
321.58710797795493,192.65622323100834,0.10232827978778374,3.287575472944104,82.01669435228922,0
262.79448394219946,135.12110498848955,0.03326501358043771,4.399670317475018,114.96022686839521,1
425.1326563521485,180.51173087805853,0.04864826771191076,1.7200916848719252,111.6409561823352,0
425.6431364037922,193.54965902382548,0.08095826178915454,0.6010679272346287,85.33564769351725,0
313.2182578550374,121.94055660079616,0.029252216263781515,3.240561188280203,112.39781001005497,0
418.22099938978874,190.57574268432978,0.13778561137711748,1.3358710942189957,93.44443412416399,0
388.0925592903154,106.78571743536186,0.05936091881695286,2.0631239017350516,114.62919900295844,0
321.6196887241168,101.57422526225976,0.06413360221115957,1.5883096549157427,85.9072760255768,0
433.4333219822721,122.04618162420911,0.06695578652872862,3.558302837825773,80.12122141073036,1
361.11204306640224,204.55639500655545,0.12242370326765949,2.1732578852275966,82.1821087170855,0
319.68795877895116,174.37941146375135,0.060880940983227966,4.699948948254912,99.50465416272608,1
433.515787403857,156.73221514005633,0.10590547301189389,3.8900301264271735,110.7419724153694,0
275.4589696820173,110.9802723067714,0.07783702891009937,0.5412737235731147,84.69337413442442,0
403.21930296890224,140.91011906477786,0.04150178773642861,4.369444807253897,96.71481521437686,1
373.5529288153219,200.35767076195134,0.0322813833542021,3.898830310876594,98.81795288196264,0
356.57163669358926,129.90455038336881,0.1257918205678168,2.981290654745882,81.19829166655592,0
279.4249731847419,168.89895023265302,0.14071753498346987,4.4601422914968785,119.49942075669236,1
317.6071109029655,210.5361214025658,0.08968267081879862,2.590466145350938,81.32634211965583,0
332.4763458073899,193.8204073752664,0.13106689177184783,1.7922020626405857,110.18335582572128,0
286.03328103424803,134.50683261411996,0.05831454861514578,4.060192982195415,91.04562110717872,1
341.5915299119614,127.92052173076436,0.1263668167345821,2.8797557245748244,114.8405606297793,0
267.77744315131804,210.87554229346722,0.11305657218743943,3.251178607195943,118.76170119458828,0
292.33535218629163,158.0477628670063,0.06090031633200016,4.224970709758042,95.15874129081413,1
339.38949588737876,106.2933013472244,0.02793444096638399,4.46585815230563,105.17191454631727,1
271.8719519877451,168.04008334196766,0.135455108837649,1.1123514757988369,98.43991129092248,0
286.05873744532266,194.75969483174663,0.07191066590987659,1.6706309332491183,98.6370343035074,0
361.364821182588,168.72311006518703,0.06033690246096445,2.39999716464974,108.51499962552445,0
260.3760505738931,126.44664705349302,0.05271080565405527,0.848347908634851,119.6767982525438,0
253.17118517690778,216.97662885197622,0.027998706513054354,4.4045946541221594,83.82525714771315,1
339.26500780417376,106.77994070375254,0.11510483804144693,2.1639037468097944,104.92408913989962,0
420.40671225743534,215.19727495245212,0.09326606450301564,0.776343866454133,109.97295018203602,0
301.0708397534529,208.5164435371905,0.12923963830459967,0.7844806220984097,105.32625653659963,0
366.48145645441747,198.2815003077564,0.05600281450250389,3.875885510363381,91.1108637570638,0
286.2034967637509,207.96471722592528,0.1277784001682955,4.458248053144255,94.00813499996143,1
335.0236552567693,106.60025763199235,0.044937141661929976,1.6077978641389237,106.9108541792331,0
324.8628840212057,173.85046933126029,0.14641839264531648,2.615276496466962,97.80368396576905,0
398.6014245356513,218.7283109806224,0.11657580880544176,4.22947528791559,93.06855198120226,1
376.89413448894675,122.48597623656508,0.04642233008244502,2.676031025437366,96.90351006756534,0
381.25569024601134,136.21714344156769,0.13558600534015802,3.7791627484499988,85.99168185032613,0
435.7550505319056,177.8829112643798,0.13949858997206965,4.2319707742658785,112.81657823300412,1
431.44877719134024,168.77521991445394,0.12996954407865213,3.747438129157535,96.47428508088453,0
380.19542168807436,111.57094697379671,0.08275617172472502,1.4705709429922125,110.30339601803132,0
341.235737327244,181.4739290255748,0.018306507049689155,2.068655741789483,80.22515519292104,0
295.1909777701814,121.95566513626176,0.07590098471789555,2.9602862274028823,107.47068112686773,0
406.1501001937674,133.39554471658812,0.1185513427573185,2.01222953404774,105.97607414829002,0
395.04657160904685,150.26006967901674,0.09941071110103887,3.1097072470301845,101.39766639227076,0
273.5842026379965,150.2955776657857,0.04628683497640133,0.6398728831577176,81.06108315914966,0
295.85921720252696,170.71914214082793,0.07599393054409094,3.9323498840845077,85.12330236237052,0
291.75351661893563,202.1073581093964,0.07556095228502652,3.35075127896495,100.37676409023688,0
310.8043923218768,207.75618769092884,0.12006676567629074,4.06880827411242,106.80890764190515,1
412.7661494214801,158.24076886632602,0.1311346376210679,2.6781080756933497,99.73179849940772,0
413.47737399300195,120.85195529048757,0.10959279771490074,3.012432840218241,116.0774494952743,0
353.6466485420059,164.19870831638843,0.10696187464478897,1.8717265149102447,98.19382143872646,0
401.5311770734306,202.2101517117347,0.07316900050029772,4.88503117627876,101.7967192010248,1
404.0288397951181,188.58920382956674,0.08118777287111847,1.0300787471067734,107.63856872145749,0
251.49123556269126,179.66263531059485,0.04511986045854126,0.1654825438954126,82.98467292212769,0
414.92959799086054,140.16367688586547,0.14528729886809688,4.200349193486804,97.45751639394332,1
307.84983365109247,161.255623658401,0.12488919345115777,2.286330004272331,119.8434515336975,0
263.1788028275137,112.11253739305572,0.09055807925026763,2.923665040078156,82.1048798694803,0
274.87082680696415,108.27748686237979,0.09710605817613487,2.974196876255033,116.38870948700665,0
324.2000791566174,123.73502450080493,0.09084560199682652,4.9009270541984,83.365806858033,1
320.7483827000366,189.86202187580363,0.08412439035298584,2.4201534717982893,80.19781359223194,0
396.75077002478787,216.713005457161,0.07467978335279096,3.6467014293516127,84.44211450317239,0
275.59917027133946,204.11972092856666,0.07803416676500032,2.2621612182860993,95.33150906272274,0
422.04681428594915,151.83230016198343,0.10070335326780915,4.91587950349112,113.8346284516483,1
274.060422361169,138.28544201897157,0.142956241311449,4.516584557701383,87.30464075676852,1
426.493793751254,189.8154847420571,0.06391039640352435,0.38186891259191624,106.94973616446514,0
302.0376867015016,144.895111368178,0.05044500128591315,3.4407544756312176,110.14207970391871,0
366.57376749074103,187.52769985292107,0.08023789361369986,0.6555590516114053,113.24166488710412,0
269.106195114661,139.37285798090033,0.14777137523285744,2.3070627539353983,112.08325729433464,0
349.68977751844824,132.63976987193217,0.012714271788661163,1.6261119597756255,90.33734707287752,0
291.06830677057087,215.203302304461,0.07677060986437587,2.131344022832183,109.58987269784546,0
406.73813435888883,101.98793832398255,0.13590926118544414,1.0516954275435908,109.94171487771993,0
376.56192395092836,121.22781790095371,0.10840534103749767,4.097764076831143,118.50794051956652,1
443.1111041519335,180.61458515771537,0.05256011510100016,1.4172190112520826,84.7927525469272,1
317.70936492454916,178.25757276506837,0.14322239419806035,1.3155977097944995,90.17050100432111,0
390.42849441951853,132.91474690677984,0.07322785398433088,1.6498157520510923,81.20414017886544,0
360.21276489701796,107.3645934121913,0.10906997112528663,3.728920486402575,89.93842527889745,0
347.58828312277694,117.54123413593751,0.05236426934457436,3.4962551834064226,86.30737185405911,0
392.15518883379315,110.35481455969907,0.01898581795456837,2.9202731744018173,97.3186714538435,0
372.706004062907,217.45267691694187,0.09778082929416267,1.4764546285531521,111.09558017001433,0
345.27797183499274,163.35211539263193,0.14629334051813847,1.268143006071311,96.72983763129184,0
369.6911354341149,176.345758077043,0.07137003601371127,4.077062775811294,118.51186271662355,1
378.58669750523063,189.2423895469529,0.07743749862049158,1.9151633221888138,98.8455196328288,0
418.2279873432228,184.86574853397212,0.1277772055257808,1.4360169498441648,95.94626925238538,0
403.39152623304165,103.86419380249181,0.06509499404368395,1.3967344436015183,116.12515203576996,0
417.0630160215627,155.02330826673347,0.0318131745609362,1.009595683859941,82.67087682994134,1
448.25157915311553,172.1312793499068,0.1151334814737882,4.858449100439208,115.49681200785633,1
357.4176246047722,218.36868079786797,0.13255673661023534,4.875812041640229,103.39158718127649,1
255.51059992270976,117.82680226130566,0.025608576763378514,4.247369621036639,88.85781768533232,1
325.43112222922014,205.15476610025985,0.08806801479407925,4.9673790272409715,112.5506275949869,1
293.9125604844,145.13729354558535,0.13782200289530694,2.9511458102391868,93.31912697049269,0
271.051068872864,151.70891003876912,0.018636374506580775,0.12048369513439917,110.54506601977059,0
372.01674765317836,105.77138717148861,0.04394421607744708,2.6726398209934517,94.97990752788421,0
263.901191580218,112.23457530709932,0.044729416094708284,2.9139888756508734,108.83453011143523,0
284.32759818936375,205.25412128335313,0.034808494362671444,2.249191898268525,119.63539057579723,0
333.46867974745487,121.01888837028984,0.10524121152515034,2.0956518978343,88.82211417393867,0
417.7726474331389,174.13547202120108,0.10028202816185687,1.6730007555191497,95.67909381635383,0
289.41834935512065,176.22334790875723,0.05286248005353333,0.4599116815029338,88.83440319821455,0
288.1015633277209,184.81915466592014,0.1311791247327827,1.9827239117648103,92.86533943522326,0
329.1155645698521,163.9681591043883,0.021885216904119386,0.3514515682382774,85.61690528593118,0
391.4379491797323,159.9156996165106,0.015760220864436743,0.1318783821374518,100.56768896272779,0
324.03534027549983,140.25585843682933,0.07817910868288737,1.1060825889378734,88.42836274555353,0
293.3914139670956,155.86510812938963,0.08750301309204625,0.8281001253585533,88.00557738698149,0
361.62360946358626,198.7056727976218,0.014878496424799851,4.163462627967709,105.27774694492506,1
432.6924913981704,184.7409278026851,0.06407425566588945,2.524089404932406,106.12689227637175,0
351.0617226113475,151.63119831127668,0.14142737513748208,0.6640702565514545,99.12630858959105,0
439.04753264926296,129.06624407584025,0.10242007614859466,1.3568197328226574,98.55825379481834,0
259.7930802334024,113.34351524443976,0.10180236465874173,4.71898836492261,88.09183637821744,1
442.73681329681267,167.2212914207527,0.0849509053168715,1.2687045220476996,116.17365138797084,0
369.0495596138069,138.87708023609557,0.05438569232558956,3.513224361485595,98.16023325470647,0
283.05844961079487,103.67563435705216,0.09793984651758286,3.033980921994016,110.30408421778878,0
282.3589151909134,111.52965030235279,0.1491985537479604,4.335586660622098,113.53935238721616,1
396.0924652047107,144.16397487979089,0.03312425694122844,2.771325441647441,113.54860842175668,0
328.8373243479874,147.55675202060058,0.07833180691431293,2.8456459595199943,111.77403780408353,0
357.6784198812955,188.13877054770856,0.045025656437886794,4.137781444325818,102.29037434640841,1
368.5247160544826,124.4393858960668,0.13251626290415608,1.9240465719377213,107.73271485769524,0
251.59992125578918,180.23795665490047,0.10413381604294572,3.031861532076819,80.42474675423672,0
388.9327232571552,180.0527980240318,0.051813773119821126,1.8161039046296568,88.90410712190928,0
330.49812348664244,201.44028518674023,0.08682823138638038,1.7187574847919966,105.6809930295811,0
385.1864893701687,184.12628224582664,0.08537576378507834,0.39015031604410877,88.50861500628066,0
397.02129572737306,139.90403017041808,0.04529923845256539,3.7624016838869068,118.00593610372327,0
416.14983064970545,218.01112613357216,0.042514138568351005,4.297952929734837,102.65170240288924,1
369.52830501844096,103.72031315109848,0.1355753552141886,0.5156247060016563,107.58851680233292,0
332.027843041032,109.33301957815225,0.1468297185682568,4.924756913563552,104.8241884825929,1
291.86239284535714,131.50653621050796,0.031131572586258822,2.427014151895194,81.37664781415621,0
310.37520600043916,204.8424619799165,0.021265883832585566,1.7290573923309454,110.52326116054417,0
284.1246705820116,156.19313279124577,0.011411699481606186,1.1180532242904144,89.23964175238247,0
415.61741495793467,218.46328099412818,0.10311799422512014,4.855086458410421,87.9246799117593,1
415.95704244515457,101.29681547141828,0.05548414418163555,2.752324687788711,117.75408942840605,0
353.19224235203137,207.37584923245424,0.10366585030417341,4.167703214763109,97.22144376128166,1
287.0544989307721,160.99912229398655,0.07600673726257262,0.8027595823155931,92.13484977829913,0
395.94044664805074,207.6305828641606,0.13748783002925452,0.7047455275116418,118.81517909403058,0
386.38248220959485,170.3236567758881,0.14379508697329485,4.790286094790979,114.28550272239711,1
374.1374744960335,146.3235235328018,0.059746891060188365,3.814603831565477,107.21273246174744,0
314.0589454567395,155.86246167760237,0.14191196397319186,2.943388632563682,98.9722375566583,0
326.7929572291498,179.81238186912412,0.11185942359872715,2.4254538104798318,119.93066761538992,0
402.020492548162,147.96874093047674,0.04871191503990831,3.379538961739462,108.59572880589013,0
383.0844766256172,194.24591963285138,0.031248522626095773,0.5295686751413896,118.9758094153766,0
330.0925628849682,203.049844531813,0.09165194766661447,1.6036686437018268,103.08781061719543,0
306.7636577535281,206.7839925310236,0.14104218530080243,3.5348752403998565,97.98676003739729,0
318.03318238841234,100.00853866946085,0.0486267852171301,2.0887406218125677,104.25979283756884,0
435.679479396245,185.58955394488692,0.06881779151961274,4.3141023173452036,82.4110201781399,1
314.24656724879645,167.9614178196748,0.14711033236787016,3.7829886424108174,96.98836442406669,0
367.0588952161276,219.84230846803462,0.0104203427971895,3.096847204377053,108.24321572297897,0
277.37927266276427,186.63938568799367,0.14058994383542814,1.5082381860911995,80.43491672448796,0
406.36541026484304,174.78952965501188,0.050367589845357316,0.6864511640170691,97.80006448000766,0
422.2156832283606,192.68101901809405,0.016896259453323105,1.221291556649167,109.13865838458312,0
253.5410606552209,188.91392462110684,0.09017144869024588,1.468344853763194,93.23501883971755,0
310.93602810615573,200.20503438690145,0.012006715405731925,1.88892505168668,86.74146846352565,0
380.2109959729469,132.6642204380302,0.031745824776247315,4.6099491409840905,104.5115578038942,1
368.507068675332,195.73584092266003,0.064003638150652,0.9134272826988945,102.92083194725585,0
289.6059994441497,193.3640748042755,0.04225869015870921,0.3429515920559707,109.93610834657956,0
412.54102031343683,144.74625899846183,0.09439477162456754,0.7844636154034247,106.83382899263819,0
400.74782545179784,147.10465152209196,0.12878114095431406,3.8913276343956267,102.0359012135284,0
362.8622324802918,170.5422865622196,0.05973410668332098,3.835042939417508,118.69789249667345,0
340.1078273261653,219.85203599653084,0.14769456660812819,1.7742344557652368,113.85631301848781,0
288.0110040866914,196.09595492755736,0.02196786047198184,2.4980838472346054,94.64812909731381,0
297.43295098161377,108.05473997393293,0.042986907575832324,4.0317291645923445,106.85070176691373,1
341.00759789416577,140.55839126421068,0.10154116720244641,2.377597209877388,90.6649365484776,0
376.0014579140073,217.4245174429522,0.043060249148214186,3.828547343597068,91.29877233882446,0
419.8024906059413,136.40306131822211,0.034059830628643636,2.954374657249306,80.25252689395504,1
338.14759459914745,172.1590862209282,0.061111078215994354,2.6972819592703035,94.95480680690068,0
415.5989362136867,119.38028318121572,0.03491462752652953,4.897056952649762,104.86658803283044,1
339.8513397532501,187.45483246555608,0.10521929589113602,0.10774920034198684,90.34433480026834,0
296.0177348999566,138.31671228310228,0.01940779059174702,1.4807310066403203,96.34843505996851,0
310.4418708048655,132.11487482605048,0.05343302908965861,0.23523467964186826,98.84235132567738,0
251.35109924170916,186.3493245402321,0.11288338069959983,4.887548043835225,112.34850867975959,1
354.7660914444311,141.62211099924068,0.08730041129282011,4.987586400659032,99.10248494873237,1
290.26706582899453,167.38439562433794,0.08528214193273495,4.531808881540457,86.83857479526422,1
441.0516246761952,144.92212586312883,0.08980861810611476,3.6474490823941834,102.19084466673887,0
350.6796876560078,121.11882156252068,0.07577426360149904,1.3484778763991496,116.48337986082741,0
397.1173202455438,207.215006403759,0.12546038245835966,3.010999930709639,108.47764637097923,0
333.8674136563635,157.5036077778452,0.024083598875524616,0.7639687776295399,92.24430443116604,0
251.30340692440205,141.95357226786547,0.062269854095959434,4.3331028848483415,118.12151255750638,1
288.7200483569666,159.01775281374938,0.11476525915673833,1.4022851076590894,103.22230862675877,0
338.69053633643784,121.31402615137566,0.06700202043078829,2.061584952777934,94.0072611991447,0
289.4333542553465,211.48269597076253,0.14517156235001613,0.4063087044311564,118.36188353717736,0
351.52380799826875,125.75022243961351,0.05805041878081372,1.4834150010715983,103.09033509967884,0
411.0445463663519,165.33584215132623,0.09622861328884529,4.787499236489069,107.99535531182417,1
432.63136382943367,189.88990937677318,0.029011274749336673,4.275888211682592,110.4194665843458,1
372.5316482111648,172.409540294972,0.09640123121144505,1.826234651799413,98.07183504446446,0
437.85825156532235,186.55127064221023,0.043839259732706255,1.032157701586865,93.26046090010543,0
350.37250542981224,214.53134592297798,0.11146817494122536,3.2849317405038154,109.87103701576389,0
287.66748615635055,151.6730119798068,0.0942022541663243,2.6295991284584397,105.85069813772407,0
334.4366253275729,133.97635429745267,0.12173402591875578,2.5567608665822013,89.18266529016874,0
386.07145197135253,202.28954508674673,0.05467502195306283,2.86445818626679,104.77067711200338,0
299.5838233185803,196.3293300819123,0.13332035034232897,4.121708321520115,86.92919291514893,1
416.17666936734895,147.56522320047588,0.03958145385026114,0.1826207296102174,109.2392987326362,0
411.52418213084707,196.3112383150929,0.14264323969108894,1.6142079968319025,105.48866649457415,0
384.66227913862656,139.36868631409854,0.08569089172893497,0.9666650634918297,81.40974061692157,0
403.71754528596045,182.9708309375552,0.07909956352272027,2.21696090604668,90.27878024177956,0
372.1739011339693,208.6010387478214,0.11617792648778055,0.3647783991008624,90.85701061758618,0
271.2885648215363,130.69514329716296,0.06553819634189857,2.2162382418665296,83.72346331537646,0
257.4983279838872,168.23604673050085,0.12900374763601263,2.001659139532758,108.17787399432957,0
286.63679512543416,132.9182970732722,0.13600529446469609,4.921669418065213,102.52882018188667,1
434.58859736179716,143.99748959936508,0.09468055996601597,1.2598269853079191,99.36301003353023,0
260.53780768025325,133.5823318183997,0.04757339662169823,1.7448689851965788,94.84843943352762,0
382.7934293982139,165.1076733018175,0.11257349084259148,4.524515657257708,101.45726355142398,1
319.78321152292483,169.80474815519474,0.11445202648094945,2.770567561965174,118.20441574394616,0
323.2400984687255,197.82871245522517,0.10392322354198942,0.28031030155877923,90.06107690752968,0
432.084823894063,187.7491527613022,0.1426755255888169,3.8407325771245233,100.50327917703085,0
443.8020707337091,188.1381167965095,0.12686690997050507,2.0962995836240643,101.25332148562006,0
427.08086686477884,190.624318278509,0.07612125582155163,0.9470078121839585,82.92676463625791,1
363.18845706188444,138.38824900213984,0.029671358206162457,4.24538522045968,107.51785179992511,1
360.81837941311016,162.8949062881951,0.015520345957676322,4.986866561504219,104.03272999527506,1
409.52682720301686,178.21262600382116,0.04592796468975689,3.61289201221336,105.47049778536069,0
259.86764829342866,200.80527646110514,0.033824087899118976,3.256090052476142,96.00920326609585,0
399.03634242133893,115.87416452692284,0.09472852359822945,4.521834755526122,92.3736605212325,1
393.2355079334046,143.7643436842219,0.11017610777474726,0.5540355585250067,108.3041749652476,0
296.059791506024,186.09469852309354,0.04663481101089549,3.3002714538608164,115.3507841446033,0
431.39553207867397,104.79125730032344,0.12250716573465385,4.320982299750494,99.08983337489454,1
374.26698888767544,127.92093499909456,0.08159873492956433,3.9873987215704068,83.12361067894435,0
415.0547020348219,204.36526702664378,0.07184000958757888,1.5703227111406532,84.00048607791469,1
349.0169602881653,211.67421653852364,0.03701948876717076,4.583336298813721,103.13415275697908,1
397.96542232078616,165.9216970586246,0.04965446049455892,4.848975667440862,95.8511867694015,1
412.2612025819221,114.76806645522882,0.054575175173606036,2.4792599023335278,81.51597128952938,1
428.0252505631181,141.06865569832047,0.045240391984550044,4.5957036858054465,117.17488681594125,1
369.54737488428975,199.31147603926956,0.013963435987649236,2.4337056858024213,115.35315324448635,0
339.8133605704592,151.23133552114692,0.08218701569311217,3.0763970170873187,106.48459322480801,0
327.8556018365263,126.41992577335935,0.0513751857754881,2.4704122171353347,105.03120576603493,0
343.74556669540584,119.23472987333749,0.012368338682587814,3.5685291681559983,95.42785356682383,0
252.48471575655992,126.34991093181893,0.015077041846314376,3.3992317957996203,107.80849067406749,0
317.91343986520695,103.05061990209425,0.03701129393455716,2.2026864288152943,98.10651525822021,0
373.1938539220012,199.7707032427889,0.06423162335060316,0.4280006053004938,96.86697302068623,0
376.6786294597456,199.2979165306308,0.06567326187448351,3.1429726618451355,109.88953840415269,0
373.8633308097355,150.04764548233618,0.026853052844776973,1.676333662316446,82.705897474736,0
397.47955211575857,218.79739730098083,0.09168994100485321,2.2062114439477427,92.12118042870677,0
404.32945880576824,147.9887004911668,0.06145671174899634,3.282744176844407,92.95064057816009,0
364.8569691328667,112.04592363577932,0.12187376350123223,1.0253939042561808,111.96359743182222,0
358.01145014392523,188.53266224551766,0.05329064789923652,4.819983199412585,109.62871275521167,1
335.0051124872391,203.32239225166666,0.043740861167477954,2.322444319005166,104.52397918413712,0
324.56304154749506,124.00012583853535,0.05572318719409838,2.3609953204490686,99.4907794553915,0
440.60436802702134,192.71034648873967,0.05273940447151286,3.2675151305519683,112.96170946772777,0
325.53248110666027,201.71301688794745,0.03336455093493341,3.5700103034521358,116.63865885190665,0
332.1141881935547,107.63632408349393,0.09439354100122765,2.0425934203456553,91.87283194538821,0
408.40007856389667,151.73371310116198,0.05688338360636999,2.9196614287198943,99.75591487622184,0
291.1900208957262,195.21771233678697,0.05141467027139237,3.012161043492037,87.23038249372567,0
257.4749160402653,192.72475335489872,0.09336781732523668,2.040264770450369,106.47729713890774,0
409.8896398281006,112.88121508621307,0.12007508805907513,0.29030639081333187,104.06676873699173,0
371.0369552661656,212.67011366981126,0.10023982157982662,4.072506660277851,91.18790324447356,1
322.62261556961454,171.11413839852997,0.041623830374626025,1.978114714850225,113.65585870577468,0
318.4323591360396,202.4069511920577,0.054599832031961414,1.0404529786343677,110.8404637662955,0
430.18712187817795,196.9562389722239,0.10817540367476122,4.87837170569679,113.07917786807477,1
402.04812486227604,145.17613322195206,0.1477094405701794,2.651016364143219,109.06369750766778,0
359.4837691190387,173.22830044024104,0.05935118267331805,1.3837977518918319,103.95393422716026,0
304.1169272155582,173.76479565984948,0.09746637031645346,3.1705815350841537,107.24183106450027,0
417.0371701128883,185.6365774017239,0.1446686289830834,4.849215017491046,106.4089376741277,1
300.5113475902806,173.92055352442395,0.0184879113040872,2.211702953308776,101.9795939887672,0
362.9092347426724,165.17868328571723,0.1065772010376214,3.681131626354304,104.67072535498232,0
336.0840798176382,105.63249147589679,0.07927170050403891,0.3032571263731587,80.9244728306871,0
301.98060276420244,134.46837383097682,0.028180222597713765,4.6271103542223315,93.88102946412693,1
253.4948174025322,140.5863568466471,0.059887438431475336,4.678297536669077,105.09646403226141,1
299.84549898126807,160.27441514083412,0.03411864069104934,0.12082854948437927,111.66623108286173,0
271.05684561437994,143.79949838310944,0.10546641423716063,2.9728107176205247,103.27238578474335,0
310.801050541853,212.58561417430548,0.10764719105360557,2.631048050024544,97.47899489825221,0
403.63485501793105,105.07854489020279,0.023652627884408306,0.5576328538881645,82.38186573792831,1
279.8847269902417,179.98148852551992,0.07731348746051611,0.11366583948089005,82.91305676744258,0
327.19416884923334,148.7019061033149,0.0939471466756045,2.0675618096298525,99.76063746303907,0
386.5906909997865,179.24573111652,0.13477388635236534,2.9216053307070218,86.98424006204654,0
352.2116473492161,165.53889396614522,0.10163868438008329,0.8625096928361327,97.64756395204996,0
378.8752831028896,196.92517626832637,0.06489262997568415,3.5151967896332286,119.40852448026942,0
276.57250580774513,169.30970785527754,0.033895767219596556,1.1636827455625647,107.1352127511305,0
425.5878481290937,189.62808001374367,0.035313965703590244,4.195293756642175,91.5585980096106,1
331.0311170057031,140.208391146091,0.06527919150622177,3.8343270484748055,116.8564101592515,0
295.17744703567917,138.28836660575206,0.06383020313946806,4.914316847258029,83.21176514376687,1
296.03404756210944,167.62381530772618,0.05878479207461596,0.6584204869870358,103.07220671838402,0
406.662997871692,145.77225971770733,0.11523487361549278,1.522725030610139,81.76270700369994,1
323.35347975144583,194.220543485632,0.037307805539556003,2.5590411340197132,114.33751454717694,0
291.0592937524964,163.27961651778884,0.03142371621575657,4.196256769664203,82.70614555340573,1
271.5052624037294,217.35971203630936,0.08424448856310644,4.171461252027505,107.89215382822103,1
268.5806398815433,104.8123186658226,0.011759932757738813,1.7441850324742625,89.49691304120044,0
344.7419464999963,213.7972426063821,0.14508633681605204,1.5028289277214315,95.90911674330461,0
268.0950225226692,166.47237697656726,0.035603001987433,1.3567881986009052,100.02137606994478,0
344.7710890558616,170.8526012836235,0.14413429084393686,2.4911637641209876,114.25371411660231,0
374.5759398588041,137.7360693717992,0.12438273729220761,1.3708487582736089,111.51225513599637,0
359.47650361360985,147.85909975852718,0.14079325535501125,0.44816179399505873,90.6355531009139,0
313.047923112351,158.6881017670809,0.05307418395388581,3.7160540952841377,105.51132834186862,0
442.10946613809216,141.19667851178673,0.03012457499025417,4.3609623237059445,98.5390403506247,1
448.4843690872275,174.2548140327197,0.03380044939765416,1.745787465741147,81.20888124003639,1
359.27852030056954,133.6261257800715,0.09360281780829281,1.6710831844431735,107.4838907131424,0
319.11107041932735,213.87064604661526,0.0859797086481134,3.7363390494050495,118.84591186035422,0
385.1205317140183,193.3811097856614,0.12493780861147909,4.1274070377535725,98.7804757004455,1
291.07489259696297,152.2452029637313,0.0983029904557202,1.9062179350610635,101.5216797357616,0
366.8965317036191,126.68128195697031,0.08038308996171202,3.6379364787282378,92.87431467594024,0
444.62395014145494,110.21959025964131,0.02232899811326542,3.204832838347824,115.26378952559868,0
320.41470151163344,142.5995241717431,0.12617196055637456,4.66434926182505,110.88044273403969,1
419.0549473737807,160.36226979142677,0.1423434253925108,0.5128911359895798,117.95776181886902,0
329.4116556954751,190.77569920238966,0.0595009574939121,1.4001266383633308,95.29557588524564,0
364.2151942105111,102.94438941784826,0.09794260278590343,1.661480637712509,117.74143832937403,0
266.94471493292104,139.37528269357307,0.09365056080693605,4.88567726933321,88.56342414958284,1
287.5320506785979,114.27594801365281,0.14528639935715223,3.996663678795385,92.8456748316208,0
311.58373582371735,122.58337190929387,0.14467457113154372,0.18133743600474206,119.1644976722117,0
328.4851389951715,215.6109682318998,0.0872637450651986,2.519636554027447,85.1779264267476,0
374.3410101150995,152.95717727709112,0.05581928928920967,4.2575093025065955,92.86494114157017,1
332.552247448312,119.51943373366805,0.025296988718437004,3.276741798553686,82.19275838500671,0
420.3604647568773,102.45641713618932,0.060565924333535075,1.0121416853231016,80.71491636753676,1
306.49580553915564,200.43065833804812,0.04869567211967904,4.246215605436424,102.58669570393809,1
443.54326999941895,122.14497457966557,0.10988444737166661,3.6210618191266586,80.56803177042252,1
436.13382874471995,164.18600407814523,0.03904259191529281,4.407596231196389,88.27851916784338,1
370.90526925581605,106.10178093363608,0.13312441910512643,3.791222699864427,102.9046242426453,0
294.21125631316784,171.9421241674047,0.11934547864932905,4.321824259980907,96.86354691331272,1
279.9799603930727,213.85535871436466,0.14615781535222194,0.7334870194275042,80.13159675727367,0
419.33682155664127,160.4921169178167,0.022610422396560657,4.919150575785459,88.2111293891845,1
443.8266435702312,157.84769920929608,0.14874312294408074,4.469818409497835,84.64710253801896,1
394.66164584099704,193.05606312162297,0.09122374063856531,1.2133861845427742,89.43974937668445,0
322.8523717793335,135.59352746458134,0.06621762609345874,2.531124945641885,94.97728141533383,0
411.5700758962665,134.49489496823605,0.03474695268797455,0.5561312705717268,92.9998807516925,0
317.5277883982622,212.73422243813707,0.03998697645171526,0.7671723134555464,106.32680326046113,0
339.05680619279957,207.76740575572464,0.024101010793409393,3.96374193438965,87.45677021559617,0
309.0993773820536,184.81842136805432,0.06993512975736596,3.2644104113954886,109.83544462434499,0
286.7476611303433,152.26034562239883,0.11390010884787567,0.5734507166315934,119.3632891554395,0
259.4151414710012,217.5513815063669,0.129490650409473,0.3615261233226579,97.52072781428211,0
339.0265915382754,166.20656679006822,0.09938958673381888,1.9097494678541993,87.18546074742089,0
346.9975843284857,111.43622074362952,0.12310691723429114,1.5578654256810487,119.80324686082591,0
250.22702565823224,194.18291017215455,0.013916332168068223,2.1671428134356403,101.38056367571447,0
418.41739430819894,124.86299902366201,0.08176622502589817,2.401743957078728,100.68313250826115,0
448.12216689374674,100.3071118889624,0.11406534736451013,2.2115546485318767,87.7908199276247,0
437.25321709401254,125.42703427714558,0.13109671274490886,4.749213042479115,89.65097511147697,1
286.2181583097416,196.46858465177849,0.12715358465198848,2.444941628871416,114.39393089696202,0
313.8186504015947,198.9774338618614,0.02783946283839077,2.826729930741025,99.66765135136669,0
332.0797913035928,161.0909049139801,0.14989913072622793,0.6687580541455321,114.25043582532712,0
422.6845593242259,176.7878969880034,0.03852831499581938,3.666834788237942,111.94002090278772,0
319.63940811670824,209.02695009938355,0.0961212548188016,3.6059752358662984,84.64281958211538,0
275.3913716834938,181.328728318823,0.14918053868287354,0.9979710468185331,119.48289371694256,0
289.1964061383415,197.08163063238055,0.12447962403094913,1.6225456043982684,106.03925797530499,0
414.25366632212456,212.50771300111185,0.04942588296269435,1.1939942805544415,88.53677345796387,0
293.1875108533899,178.9419918296786,0.03225125962767845,4.140610420487218,85.21331527085266,1
322.7080851029357,139.4280828087689,0.06934185065649853,4.321660701295715,94.93669285364922,1
436.8847724765467,156.71908203216606,0.029747935638262307,0.3794229561900764,119.20032506563702,0
409.1929248860048,110.62965240352847,0.12384442059305151,1.7487870512486672,109.72750063243379,0
315.1809062060138,172.3012674691288,0.14218944727966762,3.0124911333823094,98.92691351879083,0
415.71041150139166,218.26427095236386,0.032205061508584674,0.8395143773151135,103.84737236210955,0
264.99998496712635,216.00296069131778,0.08997166953811937,0.46008047517259043,115.62574819402474,0
346.5188168637769,140.12865344629404,0.06180235639432413,4.708693223430665,90.53226977684425,1
449.0316181888225,173.1574765914178,0.04055258239457895,0.5009004621989368,101.72835284198169,0
322.81218471436136,206.59174405314695,0.022982249488798675,1.0610211111662096,113.31033799230352,0
302.67213196974257,171.69063801824362,0.059951696384766,2.3753261065040268,84.67592829130481,0
386.3492077453137,184.96158935254368,0.045046042081338444,1.1464352383223129,102.97288902937942,0
357.61063212720916,183.43833439806411,0.027952565625047603,0.7027090092604057,82.87893049673802,0
356.2961535273991,139.4056697246041,0.035703441629426604,3.9545238509957956,93.24096752212337,0
300.8629873207897,175.42708669834468,0.1275914874848051,1.7128468473488418,114.22362277757665,0
386.1371328931647,210.75038541629146,0.1409098460413871,2.1583538479475974,117.5421571678552,0
286.3453995961171,154.35030441529688,0.027046103302922356,3.3204682783018957,89.52328954752355,0
396.6076832226663,134.4186136906871,0.09106985208210985,0.2787531746142699,103.01959728023468,0
427.7295653121947,143.52328086740744,0.08682490819551654,2.0523582008001577,100.22972509236914,0
294.72996435377854,119.9575889279835,0.14142266539242596,4.9781539852553545,118.79129834062797,1
311.3267162045065,180.97046144606537,0.07412159455097436,4.899155419264683,82.47296866295207,1
291.79306184723976,170.97285614274432,0.0525018789432393,1.0237475006633754,88.62244675747175,0
347.4547981049269,195.7682341160957,0.025476125237508612,4.2494554383380585,80.03562202260242,1
383.37264710626476,131.52860520739347,0.035481284265277496,2.3602831328526324,87.59590469416291,0
417.3741229232337,188.46992841685403,0.08602162839718384,1.3106560639377556,93.39959237225345,0
340.0396055754146,106.06295217705605,0.08536032780639426,0.28154010456362966,92.02060204499892,0
366.9315540437799,173.04877855740983,0.11377035462976354,3.688922175300982,93.11958928203609,0
368.21896969129926,121.0302121418119,0.03717029510289519,4.432630012829662,90.7233440444706,1
282.5360551474958,138.41809748806713,0.14257688505692712,3.856615015211407,91.6012804201977,0
421.31003866964505,209.07622697392196,0.041184570126760446,0.5361687722533465,81.65939514944698,1
354.15900382009295,130.3989204236862,0.04125679553813686,1.5496052306748878,93.65458322047414,0
298.97264011027534,181.7983916295927,0.09461508454165428,3.0910024199023654,106.9813847463767,0
271.38781388488565,119.73069406165706,0.08160574973327428,1.7795005822868255,84.87782717050092,0
293.92499116604336,162.10305629690706,0.039207990792232354,1.900802475261098,99.8312471032461,0
416.95945488097334,139.47736648274238,0.06042905809236873,4.125706842126356,102.25568729165536,1
359.4829734509617,199.36115430828164,0.0844526020771626,3.4566478913956975,100.49344488821959,0
312.6181277957431,138.40251028764652,0.021334289821805002,1.6914410871549768,100.35289984866635,0
294.6822036573892,119.072705112666,0.07502777972697358,0.39045680997052057,93.34396764932218,0
354.9384020347311,183.87173981276555,0.09175555519575883,1.5124059624524753,94.23802565231179,0
397.3962913088081,208.25620093124195,0.14945027504829142,4.862749760433598,81.54280015486533,1
283.41198750617275,129.02523946077378,0.06757914719734556,2.8183981122069355,113.57579443172966,0
398.87420320026456,103.1835806880487,0.04710500200094239,1.0419182654255148,102.17324558156179,0
324.20211659098686,190.64347493629387,0.07014560937394085,3.37416012747109,89.25154705864534,0
388.15265255050144,150.54716609205371,0.10709298304217364,4.692186663776813,116.71653510611851,1
428.37611890777555,205.46280838104258,0.07043108218930313,1.6660913518340024,116.77305417471602,0
440.74434906527534,164.230525702748,0.06955600982909806,2.8206522767695663,85.58160243307334,0
372.92693304459806,213.22377833554276,0.05720273046912662,1.1744312027937078,108.09555804305595,0
371.9537574261691,192.6875977647677,0.10816803952657676,1.334440326836786,113.39532940576063,0
365.8479080692802,135.68539161425096,0.13043621863402186,1.3042867903112871,119.11015770095379,0
388.3736422642458,133.26567070236504,0.07545625854893936,4.876463333183486,97.29795754302302,1
354.05544606276067,142.8957381277371,0.02595392906433429,2.126094605995805,105.35742560333708,0
409.8139718740151,126.34295589538739,0.06992239742756867,4.971099199136788,81.64189634688876,1
312.6582134619266,209.3585252107435,0.14978605202718695,3.4887029717186127,85.50307117035882,0
296.764029349459,156.81122762577297,0.062444898678794915,2.3161813335684975,110.63090883945017,0
379.07451785421904,181.51683395357628,0.02359378069621057,1.3853684430905284,83.96110673718992,0
327.5265502962118,158.7782971799955,0.06211379189055572,4.681525360917508,94.59933035449508,1
422.1002509969952,119.60611859116531,0.08598357266718855,2.177373101093135,112.44250015909546,0
446.2709524563438,121.36458106352902,0.13344014379180288,2.2172661472300397,96.15309627952944,0
310.7040454599083,190.56527917840577,0.013161113263213215,1.1146135343755117,109.14629653879359,0
384.6307234029864,210.6086367254063,0.02507746080112419,1.063844817525506,92.31627126677833,0
338.1841578371948,101.99809167286823,0.07687917208645287,3.0938337949575905,96.22932863481961,0
295.0828878528233,176.07719410269885,0.01145029905259706,1.1231386005841761,104.6978222234014,0
308.89530796874067,112.94229244908685,0.07303853487012912,3.261837727928224,87.28574686749708,0
298.6020045874055,145.84753962748132,0.02520677567224655,4.825267342400438,114.33441214190879,1
408.0890573329555,158.96318165735903,0.12150966832164914,0.33164517782145997,108.14485787095617,0
268.9372910237915,116.66291721840398,0.11106269567356457,4.92508818742526,85.77705154933635,1
377.1564071948755,217.23847188081214,0.12685100299313828,0.6339606422915246,91.78319314920054,0
449.3760804823802,123.81774561846085,0.07263307572168418,2.1756640820407953,81.73573832422592,1
267.1157731696062,127.77552420984631,0.03219580747792383,1.6199804372213376,93.63958043693646,0
375.39669314485207,186.56491564291292,0.05209444195777877,3.069576478306055,104.59519407144472,0
442.058486788257,154.18496547244007,0.12503271500648444,0.8362182363889222,107.38575180170523,0
275.8224756288828,111.64682197455676,0.010171833685571587,3.8715575328044163,117.32697484078557,0
402.8846258367671,180.6804530506858,0.020376305876783535,1.3410040322388308,119.15238488219237,0
447.745435353198,106.9970809079757,0.14006653275957368,1.5645200496382663,111.28191101627375,0
349.9089972765141,105.87675407996431,0.09698004823591674,3.328662532629478,89.07684510404553,0
346.7222851486126,113.40423571336689,0.08686051926388591,2.438084934287656,81.23526116445612,0
406.16466278507,216.08983829593112,0.10020257097717757,2.3831714523141385,111.83852321508103,0
384.890521138164,127.38361661921655,0.08206368501215869,3.1003429330941326,96.14488251250478,0
431.7478837426139,217.89756895193625,0.04694404820438586,1.2817821054509964,112.25392945222208,0
422.4549566663061,118.90673179726113,0.11246827543381384,0.2401485661456918,105.85927581877148,0
428.8192382136375,124.05392738837165,0.023054362919318207,4.654747885008437,96.81987105174919,1
390.0659613385506,107.87882114925297,0.06331247445113292,0.6805525294335768,117.02399196706452,0
359.75530058790554,198.6933948242946,0.06052223064667424,4.051054024026315,115.78560035682221,1
282.25275776517816,102.77683725929668,0.026096399599409154,4.02443666118032,94.07026840429035,1
339.76300459538055,200.11869934837532,0.06614914491014075,1.9156054207494466,83.22317057629294,0
298.2485971008463,191.28691161969306,0.14215576213398365,4.460823326676492,105.63764233706718,1
401.97086629871967,180.4790659154343,0.021154711603357863,0.7952934403084541,113.49296978972475,0
407.02209689502723,130.87090794096312,0.04334125316628946,2.2652059152460233,94.82556777509643,0
266.3474046038883,208.94422474108086,0.021629180412142922,0.3999139087295608,98.81738616563064,0
255.44815608566836,170.54309107731103,0.14190680277742032,0.21700059058496296,119.78867058328237,0
316.18443693415736,121.20558968081085,0.09595456934228132,1.8647632868395554,118.4910493173183,0
430.5191592854077,161.35894744158406,0.14978904369705356,3.4150309552534854,118.84229204000916,0
371.69589771597026,182.95756312159745,0.014114223688718184,1.0560203088511504,108.22332389411166,0
407.48254191964025,176.11080283415032,0.14975805360391312,3.3835206401743028,87.82869945242291,0
327.4961388522201,154.72413702549568,0.05355887296101551,1.0926632972885848,103.3598467770807,0
426.2225928438687,153.55023864262452,0.040878847707671646,3.4009887660942306,81.63863932023983,1
368.5984234919481,171.55273619977316,0.07779974323892692,4.231203255832649,89.67839031893966,1
368.4902098217079,218.92082979046836,0.11004816906116423,1.3575536585164174,114.04339251492577,0
356.02313194511044,182.3134703397359,0.05654161134275745,4.927775150910086,86.23977190824854,1
360.3392966726874,201.67124189593352,0.04693241595461761,1.1568620028592802,109.55494641829024,0
391.30903440191537,178.63109223781046,0.13155592530394772,1.6499348758028254,98.29922655653888,0
352.3586606196636,101.88105988446144,0.07288685538556376,4.698000144310598,92.79369501451254,1
333.07136328844337,172.40413921567557,0.10955163484793365,2.221485256578826,112.75363648186388,0
310.422771035569,131.18000932278858,0.035745546544842036,3.441903641269059,94.97793847086689,0
260.79766850301655,155.06522174763876,0.14360860387762026,2.4283659285373544,114.21266584986967,0
407.3202673134915,124.98020566834622,0.11968392593914763,1.60977857865402,96.20379216034675,0
277.41793030072694,182.507230261129,0.02886488255959308,3.257434627927986,106.89199329142774,0
391.0299314527782,212.22104071831046,0.10051000549586443,4.22891005303122,115.04843402570852,1
328.71225939631984,114.52428159037596,0.02592187561246454,1.609680788090184,100.59602950357487,0
377.8668348397878,147.94154879618978,0.13284673995712074,0.31048380668236286,105.97967808996681,0
325.12778805571287,163.74523931880685,0.11145494216671076,2.90576320889936,95.85962095271492,0
294.89984063286863,169.89977001140898,0.14134509842464318,4.92501720454566,83.64568114016339,1
412.4715321274406,144.55180976334225,0.07051923799397322,3.0556636104096437,81.57938127378175,1
289.3970880417592,140.00985016508986,0.0599858933322509,1.6922185192407255,95.72805361907916,0
256.1516607524423,144.8729176327582,0.04419125658020596,4.704353079753405,89.09710555368144,1
407.8563179736385,165.1130266306737,0.01682721092183518,4.470652430863289,90.73960218594644,1
447.05667415905396,191.40466410145058,0.05160960836922954,1.4479442434440244,94.17143879612107,0
279.0346580417572,167.50623487776244,0.06769544835386052,4.111241950571395,119.43010210224959,1
331.9138327430877,102.97896648547284,0.05967939356473465,1.2250714702391992,92.30295388046174,0
283.56165243628527,104.47666573605915,0.12115447109878459,4.9752831326404765,108.76027402338543,1
389.60308627087056,187.70351077157363,0.04095247787764759,3.09719990804569,113.94018190899655,0
423.4046784967861,123.38418428398514,0.0324059956240549,1.8013820026250227,88.38590557256873,0
298.83575755304776,176.60803952182692,0.02223127648915403,3.269760198231745,117.71828888844512,0
420.34181942103476,174.70363088024607,0.12562623211541998,4.062440814183813,115.98015147855315,1
419.4047701306506,134.46955583892776,0.06587119206369153,0.6782491793966591,89.40381823162409,0
427.8242733031859,109.2827230441805,0.14630244714086965,2.9948047398123183,113.63820187779537,0
311.07951990828866,204.30127202600184,0.02353478515370422,3.619007121523236,84.17502311462147,0
340.2734235270603,134.91278538839146,0.06525412297924775,1.1889265261437807,93.98330806136306,0
449.1389110829746,174.85736602884646,0.12295648036088676,3.657140936107093,81.20595583443998,1
413.0379556588616,206.43695347850195,0.050766484429518324,2.142616276628773,112.44319376774001,0
372.18360368005875,154.55799753818945,0.14980915756782226,3.0452608183402132,107.32875936027264,0
443.95900804578946,198.39395666227108,0.10575943889074259,4.873270254111209,118.70184857150738,1
421.7032622266991,177.56197792736867,0.10714783343006724,2.3052947081363038,84.02537948511629,1
374.9011680836737,135.82956226433242,0.043912062227111165,0.9329748493686126,117.89649906102639,0
448.5296053937558,118.19331936000864,0.13465974497082778,0.8823944289144884,109.95288745112116,0
394.07396770453005,153.20768841213857,0.05370188360634876,3.9337645113068285,82.62148812492464,0
384.5476663107261,196.95586756265726,0.14417143339197722,1.7104487650051379,89.70570786809579,0
267.47525006164227,180.1104587329204,0.12091272912194828,3.115275286632057,102.82382782601326,0
374.7788832317765,123.6868331374398,0.1402210714291316,2.5808829046171287,84.10036518005309,0
385.8008023289046,205.38186371581665,0.0732458752805082,4.127812479253785,105.66790670575304,1
338.00218390778144,106.36797653580815,0.11653177399495522,0.21563230143749507,111.23504044200672,0
382.4095742135354,172.49444233251265,0.08094023567626181,4.395824713322325,108.46439725900218,1
340.4519289613463,150.65309187723017,0.031907915254715695,3.7887942563889094,87.52285160761757,0
412.7345680699128,217.49863070053027,0.019948030801514173,1.9989550999128347,99.51351506953266,0
321.18370797599573,180.83105019847358,0.13514829665350153,3.118415974991226,118.09829850779468,0
348.7041850728307,182.16397854053517,0.08688071824771977,1.8462043395156762,92.10289293231509,0
443.6397949077313,142.16802844028547,0.04291952681578246,1.6445389639538253,92.03495439613577,0
343.690759412396,173.93152006682695,0.08655862609284236,4.694836660240903,94.98700416031325,1
264.63627125325615,134.5077532988104,0.018827619830187416,4.654034269244053,119.47563635157911,1
289.8507950490223,156.63565682470178,0.0562974227006973,4.381162421550295,88.33925506506473,1
327.97766374875715,134.20103463845078,0.13515284631970798,4.93179101110686,88.03356390256587,1
423.0071526616563,196.5738694172537,0.1077988102805493,4.756592090323624,85.87489958498539,1
307.20656773986764,199.0088302184757,0.030004157335769693,4.634442692089887,111.52460510738217,1
362.6215980800679,213.02311312357,0.1122687320192189,3.11326251788478,86.17408167248203,0
289.9477276940426,128.7167614099994,0.030170625385774683,1.680847256076035,119.91451473020179,0
258.5363156786148,160.31974108196707,0.08625214631826676,1.0952615639083758,97.4162722785166,0
295.14885748455157,125.16906579765495,0.07485138307690473,1.3496134125619232,102.65517022104132,0
414.0997484415403,156.79107050021102,0.13869803441064021,3.849532803454791,113.30932778268351,0
376.78542253583856,105.1717945518366,0.1242712923190922,4.559400803497602,85.21942253275245,1
304.1086007311786,114.73245057496433,0.10682561925703539,1.2199416132258183,91.2153236675979,0
412.0443850397669,121.76613544366302,0.017234725830317422,1.233346168090327,97.72662213991111,0
385.16397435074623,173.34140062646935,0.11188169489127406,1.7809368548340125,89.76799201750259,0
331.48279302941376,140.4465720162049,0.08795352216069788,2.689594972183747,113.41326315064356,0
319.4629351604239,217.15414091644635,0.06667794348577767,2.9225460102457443,87.44646930751587,0
359.2210829114309,127.83425851652083,0.014686773840991325,1.1485679800837414,86.48776061097624,0
343.0376043541928,125.63053413844548,0.03333893496154452,4.778762235693753,115.00379010328814,1
264.48458423967304,180.766960809931,0.09153489929035416,2.319853938966266,100.61568425856528,0
323.4372265264522,100.43078632864963,0.1046257013491014,0.16232241231164218,84.16075487309752,0
254.36033997475235,218.63184834352114,0.03407316284538037,1.0209608466666624,117.2940590233558,0
448.7001945133254,195.3217356402098,0.09015561420009727,3.921249896313137,100.46572032030153,0
273.5866406744328,157.2433265684162,0.0651677056983576,4.1598653603040185,116.10262062670313,1
414.336362694646,155.70358710168708,0.11487194547420168,3.05115154711321,92.48887823371338,0
353.62573688293514,111.60501739892031,0.1327923097314709,4.914760704388708,88.26050278955286,1
375.8017249109453,217.93163742465768,0.05261272265805094,3.784571892772998,119.59926831792549,0
317.11857958126933,181.53272397866988,0.0890779341266677,1.010122800402747,84.9316358934681,0
318.27599417767004,132.4023505197339,0.08741341394222618,3.5572850493636565,99.97751604970446,0
396.603676470475,197.70399350724057,0.11742841377383545,4.290756170528334,87.03041999930527,1
369.28281524661384,137.80335423280118,0.026584833330331716,1.4139036780092582,110.14925171271886,0
312.69629450499144,105.22959136995512,0.10147949963143209,0.7354323485857901,100.10454873245233,0
297.12957519998236,137.43321095137415,0.11747573146553919,1.2380244690332796,86.84543855710326,0
357.1943529899788,175.97371976855175,0.09325882916329958,2.9469604922233144,86.10108560216506,0
338.9125864809113,143.31701200657434,0.07536931418708415,0.14552727067628624,96.43478786571123,0
361.2886465156899,164.82399550691673,0.13176779660745278,2.5271910398763597,84.46501071836427,0
273.8424401688956,184.70136143106686,0.05815678271944039,1.3987638977500587,104.6994843800266,0
309.41764662937413,130.62368392951524,0.13654244849157984,4.288091535747504,110.82371759132026,1
281.36130431446907,122.9723238039818,0.06188648621727066,4.861226095127376,112.84417218661122,1
264.6119714556266,149.20389575539872,0.06513502662200522,1.8685034732898953,84.96562853242497,0
263.6924144305419,191.7750185278325,0.0559450296271817,4.912041206351988,87.24742690965738,1
329.1969849388478,174.69317076961087,0.1277574677251107,1.2446091300064461,88.74198694919068,0
417.23174490271924,157.478527444842,0.10742138432484732,1.4439777788207127,98.33257029101433,0
321.25826023257775,121.97323564697886,0.12581887935057443,1.6359872302886946,100.63783218360271,0
441.4597937589166,135.67230500259728,0.030572705225606546,3.165671345497412,91.37613867740943,0
383.0540773226538,199.41607837138275,0.081770663375088,2.2384425900773564,86.20464401411651,0
424.5889115142017,133.6135171401118,0.12031133475899722,0.10418405816996701,118.99465433330202,0
385.02228905851985,184.29785866809615,0.03274180186954103,3.2773428143418646,83.6737167800998,0
274.652548532316,195.81749451717076,0.10058772094525886,1.4563358930339965,108.9359238211608,0
395.8778134134251,166.76076313396504,0.09334692236993093,3.6830415207274325,115.75731016342709,0
324.22640719035826,124.26727660732719,0.010492432162712931,0.2347426330397941,81.02655242487467,0
335.5185154649578,209.28863555603277,0.07735322261916935,3.7161972304393345,114.10781941967038,0
432.3280046575216,207.97719531595186,0.07461152955295887,2.184940052026708,81.74506252209781,1
287.745947325117,168.1594168932044,0.04294072690718019,2.253323991390134,108.63734999527797,0
418.35933443187,218.28206087864402,0.06737229229384885,3.828566906089568,113.07820613631026,0
375.14794348867787,144.40086425758057,0.03252421531096586,3.134622008641276,112.87194717658208,0
427.6516858886579,150.67480476464442,0.07665056878392282,4.631822149374589,84.96004119970056,1
397.39102848566245,120.16714552637075,0.0785266028684152,4.314305606941471,116.54587529160179,1
288.5289520601729,189.74019776269176,0.09448169503665088,3.0399646838741305,88.50668626466123,0
332.6369278141623,148.8204519492173,0.12111046450592637,2.112541200747112,81.74266854316073,0
348.0288316309624,146.7986543102919,0.11125798862125832,3.1794642230500205,113.54868011266218,0
426.08963598950993,186.61581624186036,0.12125328659165946,4.508965515610237,101.32682546365349,1
338.01003014289574,127.85863299618208,0.10856703238093512,3.0357038970952646,87.105581503104,0
316.6549258774512,205.34122860749386,0.13679924664472842,3.745712406068026,86.47084494399893,0
319.0326691964339,216.8513428392721,0.09416971544523428,4.105953991494418,92.60929519057632,1
312.50323418657086,161.1137351371176,0.08827728861243281,4.984908120030856,84.51762845882166,1
418.6769383041381,102.81974382705859,0.032752514842342206,3.5190964975646595,82.91115284175879,1
334.72837864156287,120.57650099441791,0.07715295541805213,4.073639253667305,95.0392514442619,1
386.715176363212,211.04662362323393,0.051198911533799706,0.7987501179310977,98.0154102556984,0
315.2503981582922,106.1331917144913,0.04535481947204296,3.523354937921538,106.60425703883811,0
272.2614278222825,151.16666861430258,0.14047201587714125,0.16078407100768838,88.14634621379297,0
417.3238022557178,175.0675750353185,0.09853549267179142,0.6956928524952836,116.12775039493673,0
280.8254219641249,160.71979926626256,0.04487952877343475,3.639695360828751,117.15212522470297,0
434.0838165389063,107.00418613388675,0.13560131226570918,0.9032059247690057,83.49431524555895,1
297.0219336306127,201.31902727652806,0.02808089248452582,3.331941012446188,87.17917051545548,0
446.35232261471765,158.59568636005082,0.046341826709528175,0.3267183822416576,102.04606336821483,0
440.6549185505878,213.3190635958698,0.09939027043493835,2.3158893598529025,116.32282610960331,0
272.6084721407288,136.8522721222,0.12247320532053106,1.236762482810379,84.96406419382093,0
336.0372775980867,188.67304697787523,0.030330437867972015,3.4510630161951856,113.05214497921587,0
251.750781668763,194.79674688524761,0.017162157400235703,3.9304113486016647,119.19824005544717,0
410.83299531382636,186.68754224955416,0.08549148708571226,0.18132768936308546,83.66435028530316,1
282.470585946719,141.498308824604,0.12335438698875985,0.961263977383111,104.14993526961578,0
340.71704879327154,146.59222210904335,0.13316994566206705,1.732307009329221,110.68727209148955,0
350.3348571852507,172.37036478876942,0.04179040072625,2.728525586561723,104.99757275489426,0
370.9424326901629,198.0095495994475,0.06934725804435635,1.3567054886763839,101.13388155612687,0
412.03426023413624,141.81958544532247,0.12480485831691462,4.112367822049137,89.37658518399664,1
395.4013204780401,118.95861635208009,0.06036191963256272,3.4726215318969134,113.79028518419379,0
448.589053594663,175.8814060763742,0.01223022585405804,1.4587212076198834,109.23347614262947,0
307.22024241054885,140.3137585010791,0.1458162350533385,0.2803359977084017,108.35695014571382,0
396.46201571654876,176.58011545922304,0.08360960326119772,2.8072991991353278,117.92106107219178,0
332.46282642030945,135.6659296981875,0.06299019895847668,4.162057806132732,99.6933691489055,1
433.93757350678015,212.7778630859089,0.11750041890486167,0.9516053247618527,100.51509969364709,0
388.79990803516006,140.76943043509692,0.1168352197220349,0.41382299510391773,105.96521765571373,0
403.71797911646786,168.47466248788595,0.0112775155714641,3.157051458423829,98.54665006972434,0
408.80183848727904,216.2933724209544,0.08777600902769779,4.710874131208316,106.59818087480403,1
258.2385421184385,148.83415000885557,0.036019473366861364,3.6309436558885277,91.00396535769336,0
343.9897538254407,107.13370778530079,0.11733582482081721,4.20226593413764,109.31084220958184,1
394.9466853605832,211.0178636039824,0.06722133268184682,3.955171216666367,81.9225238022783,0
436.8916752737278,206.63915387733215,0.1424013285659012,0.6121306680685894,91.75332011385647,0
390.9159490704894,126.19514815916014,0.08483636446087606,4.598168907350656,82.53770946156949,1
285.9885005779357,181.21026241882475,0.14123236173714,1.0702131090635019,117.37471235467407,0
435.8299005919353,151.25447175562658,0.11861490575885958,4.602144259122907,95.80069116323929,1
408.8529776564525,154.88531427179953,0.10831295876399853,4.1926701790642875,89.24045358085932,1
386.66387694338255,126.06436826766799,0.12584237875544083,2.1826012596349447,91.91496444797663,0
289.8386619694318,158.70746545943916,0.1494871595654512,4.266894918955278,111.27951039003527,1
436.5770412698978,141.28764095778303,0.02487888450110602,4.549244057838828,91.6801884312989,1
419.0076526527593,139.32844832130348,0.056358992394578734,4.963167357862011,94.19148040590171,1
340.19554045501866,110.84142756077759,0.05026928417065723,3.6281045831479837,88.84140034843236,0
416.5075611901767,207.32509545335648,0.02553289020670473,3.9088932187528496,112.38843756723742,0
344.4524844952115,176.72968114389346,0.12556974949177568,0.8837622446779225,106.03230909567307,0
325.55073410971073,136.30909804951227,0.047470633367291355,2.6145618532745156,81.78319349056589,0
306.33479135932953,197.89635538055018,0.07667899036140068,4.9943749722999256,104.44502189208534,1
366.80748156685326,202.90758211380836,0.13500015718634933,3.780254662942477,89.5029721816595,0
396.53479807630896,156.4949626981632,0.12915276245720922,2.11997088206493,100.34104660261323,0
316.491546322352,215.726059114775,0.02356304235010294,0.5335170396335993,97.9524905775368,0
392.9843517223189,141.99469921677107,0.13070369100247878,1.9632450013584573,105.00909386459124,0
337.507193154849,136.9608417810586,0.07874949984822902,4.919605905442204,118.88242492113744,1
405.1215456189959,126.36406017610338,0.0814491941770866,3.97293064254337,95.13247870837104,0
356.9117732208366,218.50369337450525,0.08878849533804514,3.7421136563650754,89.31889377398537,0
384.97830570117435,171.47231729998737,0.07795446857546118,2.999848673027952,106.16071289451406,0
366.97511540445146,138.18575843468204,0.12854263172807048,2.3467134873052506,119.4975753615395,0
397.23329307006554,105.71264164593826,0.08568341599731205,2.7777609620432737,83.00467127736019,0
259.9088522213971,155.79562920857853,0.01206717953855626,0.252548749642576,117.48911604772883,0
288.9493269756702,105.3733929591604,0.07769827274732626,4.200350717710229,116.3255574191406,1
417.79688647763544,118.75740927403632,0.059577546973737516,0.9828967592493625,85.21194594863054,0
415.8535403059651,147.76394452458877,0.06319643922908977,3.5887751459631643,114.08224733085402,0
403.2704249352186,100.44420787812588,0.08149890207001095,4.415264028732387,118.10530575969426,1
378.95125240550743,139.86566469581396,0.03106376081101867,0.10482066300930847,100.933453320025,0
382.832174590093,100.84880873780368,0.09446786814367907,0.35291352152833155,105.74238513951724,0
352.82620122327734,203.75476984400956,0.04993673767137391,4.164187609481399,107.8558619866822,1
444.32717799858926,194.24326213953293,0.1328595075954893,4.824260965090117,89.89256196947318,1
435.4421610976831,215.33355830817544,0.01186388299552987,0.6554418241948073,89.33125042324008,0
396.47704574149475,174.98807720770384,0.14763853596754525,1.0464816847716658,104.36599559152933,0
326.9944840175724,156.52521573502042,0.024514456827605738,3.06079474428426,90.64601104597507,0
405.1034834145202,187.74152767776872,0.08295173522158263,0.2752788397860647,80.26399658855243,1
324.03030677047235,162.8076151623106,0.14522519987615778,0.31338662695570235,97.39795451267636,0
406.1063143668192,138.20770276596522,0.12589739212728565,4.062784722406509,82.20061514379836,1
336.66434323294595,159.78357421147112,0.14939636213469842,1.679957859809204,105.97856210287787,0
390.13113050060963,175.93354744855748,0.03295057945322202,1.844634581614867,96.54744365147391,0
286.1614597114711,129.68377461324297,0.14514910806086936,1.687744326333461,98.48903323821996,0
400.18674924696495,124.68460661635007,0.026277213738869945,3.1757168758612977,93.35264018039518,0
351.6356424219448,138.96890048163334,0.07601771729664773,0.9686828996086604,106.18208690545731,0
412.9086961509895,111.16678615887298,0.08807255437107855,1.6592975079365595,103.9973519066476,0
387.11840456488983,163.42631019057455,0.024890309305738136,0.9223806827548812,113.61999789028236,0
262.899210270991,114.65742561865741,0.08989880927102886,0.8900431918205677,103.81704883984457,0
285.3809537669675,147.27149585954925,0.02626610790947203,0.4593352142103774,86.63119882537163,0
326.59312347840824,219.68812091731996,0.039719942249020763,0.20429979961094225,93.35452950731552,0
289.227246330444,102.61543914401587,0.03619802794114808,4.398641547435272,96.88941755525647,1
394.9498569840557,118.52056546200546,0.12048372135717257,4.917615497289541,111.12252748012497,1
423.0227930646149,105.58312268905999,0.027949157484915325,1.9958534511132062,104.71560866222734,0
389.43827130014233,114.53232692202056,0.06285602571343289,1.9686646620251895,115.03429143183774,0
447.0143208511829,159.7746603044942,0.022710766452932858,4.503089682086789,95.95068853360422,1
287.8013183368495,178.05901719984834,0.12415538429071163,3.5809626341482192,98.97341670682778,0
414.0897623257423,217.5122868401499,0.06677444787185592,1.1981750339264818,113.94164221120622,0
342.9322198648624,210.87452501231974,0.1354603053555721,4.03863605322506,86.45844273935887,1
421.24104859922846,187.05237877219182,0.12965702998567105,4.75882197522627,99.06132926715445,1
251.4974618520864,183.7432217635502,0.061864009523423906,2.5771739269516103,89.09919083423549,0
326.5825544997716,197.24954746405794,0.1290322967600698,1.4455398206346382,118.72361512709804,0
290.49685680375353,193.6843717057166,0.032729706331214234,4.07229670496171,118.35121064535096,1
357.9040596438823,210.79565999003586,0.011879671767306657,2.3828784174525275,80.47419694950493,0
337.9833127792004,129.400128941343,0.054859799571766,3.876030355737084,106.84019027174872,0
373.36989021209854,130.59894296979525,0.012630780850644958,2.051137503283996,119.34843331740916,0
392.89851570358707,148.58732306300598,0.0467906747480055,2.2814125878251224,105.10808511464376,0
287.7692607817627,197.57280877352846,0.12905699806921708,1.8283221002300376,93.28180620861615,0
436.40642695473184,146.8752623936686,0.030804920515422565,2.6796733718629047,104.81638488857783,0
419.42936100845344,144.41944949351463,0.0356434296044826,3.8928007176831074,95.17971972395023,0
277.63799585841684,178.55048288314958,0.12960949900621163,1.4011920544909582,84.78521140454504,0
320.708468319006,194.87758934612725,0.09307248202054703,1.6642987841038663,84.08411571582562,0
282.25397364061376,190.80573874047363,0.05398211910568659,4.863839803100879,112.02076350763357,1
255.99259450768213,146.90299219573947,0.014360954226794294,1.3943726162295773,94.93091344091523,0
284.3149999154271,193.38075045439564,0.09977244463198108,2.6786394855362845,108.55997160280958,0
373.0286462531897,169.66391723236325,0.059328776389687775,4.08372526362807,81.40795308274981,1
422.6433736270453,109.42714430069111,0.03236630532881148,1.8392124679375752,112.8062017620929,0
373.227470151938,118.07737909577156,0.027865001920512153,1.3148902897846915,93.61749996120761,0
301.37425042473456,199.36597205957003,0.12146026747778366,2.7473540021690424,115.13350872732195,0
366.67972479083664,185.9892623761341,0.07937783868269684,1.259199578329567,116.03255900870619,0
267.5932932480313,212.6196615540049,0.04809834277690718,1.3758695868773834,94.34546125495481,0
429.70222587690967,148.6671280302903,0.0628431059633078,0.21802981023946805,80.64349835234071,1
372.2227144524204,199.80365441801814,0.08305296271897497,4.847136776271889,107.50700510929087,1
383.5869677052184,136.26382545341485,0.13306547813312736,0.88172182096981,114.09769026846163,0
410.21968406533216,195.89058724581383,0.09436328505967446,1.9817309353451056,90.92530192111037,0
315.44027551213645,210.9175858870637,0.0390454324050022,0.22568144362730305,90.00711032304568,0
447.60561425770095,154.0200079357041,0.11178687480690704,2.7615073906785796,119.79438836053384,0
419.5634617619202,204.04674107284745,0.027963349919452582,4.970533199585168,103.52971177468889,1
251.28543889141773,149.70570464087814,0.09935655187653093,3.053549599981724,116.54594995317083,0
275.29270262864446,117.28060842458895,0.0861907666058164,3.423338639210573,86.06765158903158,0
255.40129201631632,148.8361799779896,0.11308625190810521,3.060613800230955,111.62200558337258,0
399.45464377987827,143.32103422880346,0.06927829883792207,3.82044887827591,107.90694956804722,0
272.97790981924925,137.64765122099908,0.03237140454217753,4.6309881814372185,113.94557149945271,1
427.30253188612176,153.34263881415532,0.08071619640941627,0.9022158899637894,112.13028348313762,0
422.5844717614933,200.69830986073418,0.03435402992904691,3.078841486857452,83.63489676810144,1
306.3936778879132,185.26333012031472,0.059006048071868364,2.8404296138362954,105.192470793647,0
372.8873628685936,131.02042007878606,0.05122069214521053,4.4829870253386295,88.9531225032263,1
302.4695265691475,126.6247365180966,0.055097667884630525,0.7304995140793901,83.85193095601579,0
367.61801222834856,123.3109706753048,0.021444133329763783,0.3408488059718541,81.80713340140142,0
415.60240448512053,177.23695641847524,0.08455520374753378,4.897575576876543,83.61222295849724,1
416.84805687985204,134.59792272253958,0.03895330388917748,0.6909050617930228,85.46369780232004,0
311.6675571035415,200.8567434318411,0.09909129409087716,0.9036182581420348,104.58869811916435,0
336.37788284348665,204.26778059246243,0.02694837417464313,1.384237378171318,118.85694299655549,0
411.11238542433415,146.83401909912644,0.06487801065751408,2.3522580555508763,116.00975858429842,0
259.1836225782872,213.54503381223014,0.08374234212550175,2.704571559956921,106.64800126649914,0
371.95392124871404,109.51027104347793,0.08211420257686179,3.7397885226431553,90.1527634944274,0
304.0814336324853,107.87417317366702,0.03567990673608691,2.5912388874252024,118.71678840729966,0
405.25894399611315,124.5483281252937,0.12609735720833704,1.4798023655428676,116.7397567612482,0
256.8017329162444,219.16099178419086,0.07255109791072943,3.811969791439816,99.98115857046366,0
443.3246738874517,148.06464922887182,0.12252270613264944,0.282318073436069,101.37546935284165,0
284.77968736752797,159.08110899472842,0.04720904162410614,3.3269994097776885,104.2419752567728,0
339.1754868122272,131.8247873826324,0.053528702942982904,2.81111586413747,109.50534920282689,0
411.0585641010106,193.77974594210878,0.14596766809655526,2.5110205311752813,106.50191022420438,0
407.1731237880805,100.88751982372233,0.05875671807173546,3.993883689252014,98.81725300180767,0
301.62307708799483,119.80573585074993,0.11242712315658007,1.1798257916833725,108.122507891361,0
289.295222527241,150.94718034265415,0.120635339444001,0.2373046668926241,115.72030005367418,0
333.5624737218615,201.06346530370513,0.030280408874075807,2.399130929262061,106.21358603555836,0
407.28560362402715,169.4524477186188,0.06450334464557769,0.11016665942634617,95.93874920828605,0
361.1258815520331,205.76565236665715,0.01905358548427344,2.1430983835845607,92.36561211920363,0
341.93507675534227,156.5644268548156,0.02219989032168926,2.5482779831712614,81.89550796498162,0
358.38906121450054,122.25750548641305,0.015080043234570798,1.2994632808896107,87.34081219704795,0
362.65594916392365,207.71225101005078,0.1418450265939577,1.3979983024947227,83.44796642662888,0
274.4075764094058,119.02973040609815,0.03484451372255476,3.488408199025913,80.61299992485107,0
261.62797716132366,110.69668213289933,0.010155794245430505,2.282303925703134,113.32467006974142,0
333.5368277835019,194.12847788227563,0.04392950287382308,0.3325245177760445,97.72614020903103,0
275.7314777141382,217.44937535349953,0.0768911273931434,2.5944788305449755,103.35215149320261,0
317.641336104777,102.24594596415726,0.014048350367818955,3.349273241646214,92.82358074912312,0
427.9987624692847,145.54109787817404,0.01868367699624033,1.7092988968854987,97.92124919155614,0
289.98489233899204,117.38934931940165,0.09584811406908109,4.615797427715245,116.58804422954978,1
425.7413062941382,114.96331567051314,0.02056929693142922,2.9235490595946874,119.36628802775837,0
350.3441115014748,188.2191221266248,0.13637390117408474,3.816022138146448,117.29747840706149,0
406.22668737725587,191.14945855778038,0.06531723962710026,4.936479758733023,84.81903971663792,1
289.84402039737154,106.48712389963839,0.06327287948286557,1.0400733073164226,109.13910737328979,0
345.3789482990333,171.16589187502888,0.08834901358515829,0.9592260644277272,117.40555457912555,0
332.8295410501478,217.00075501789252,0.08681497263543718,0.4595762648290419,111.14980970415536,0
347.6264968872519,168.74283871280744,0.07710421901777732,3.126425423075884,101.11709560615758,0
445.9163496266553,139.26599395461298,0.1062346255538857,1.612698512784657,108.78141240518147,0
302.96818568930996,165.01830071736313,0.05034980637443024,3.8777741206691294,104.40091828010723,0
449.0972202827494,140.3444044120942,0.04329647544725139,3.5426911463913973,116.84381651593964,0
384.8999695946294,162.5027959080052,0.06762174298141398,4.474101206538774,82.34312175446387,1
256.7007508978069,198.8853303483197,0.0806599605535219,0.9136525590120541,83.26946814818552,0
400.11074702224266,165.72682759586547,0.123165878696876,0.2678909205910633,81.61687483138206,1
422.22729704834853,109.2267484047669,0.09093623666493338,3.4273093946136783,101.3176628020222,0
379.7803674174072,172.63131153852058,0.1269786034271651,1.8459159531312308,80.09861952213126,0
391.22141816397755,162.36058809857752,0.01073254672815518,4.130044118541682,114.92699265287854,1
348.4715117615231,219.20039416687666,0.13619131140779378,1.1349160483831298,84.61205802697319,0
315.32759033857235,171.3030239174201,0.067051078512491,0.5952551805842432,101.29487052014233,0
399.7420664261956,142.08602009472193,0.07639152502576808,3.9695449560278404,82.3415191553221,0
437.91282979521776,197.85275582730856,0.11756571725928891,4.4829632520037235,104.27281013973692,1
253.3684242531337,214.52431636055616,0.08799120443953803,3.7747087264758976,113.66713980356877,0
399.29985983166983,178.2074953199609,0.04878442042224711,1.2199556783739058,84.50299539960999,0
257.8186338406482,195.63311210636357,0.135214121635212,1.5634458494783443,82.64169752968027,0
294.59459007638236,190.87318517332812,0.14369537179668904,4.708599798027455,117.0919543791311,1
345.2186955680914,153.16258355577625,0.09876529948490749,4.16329549988529,84.1921022811159,1
435.06515692686605,110.07229413090081,0.037095525900334374,2.264893265256819,119.36737307872241,0
358.9900345088091,203.50163638972015,0.0830177123350607,3.612687925147796,97.58213932540158,0
323.0712783925087,185.32424941413055,0.07262732211316475,1.6728040757889842,80.10366171460703,0
319.2267693135775,129.23108973121475,0.012707529914045501,1.3277709414519305,92.4798606372739,0
415.13132822701226,207.878174873166,0.10830659964578669,3.9243828807826606,115.66940426407658,0
308.9441195492094,217.30754874695208,0.08097425906777792,2.9283767917563748,90.80054190365419,0
376.85794452383544,196.4593007785673,0.05644729068845194,3.9803463274155,96.06997814403647,0
251.16808495220684,117.77658577718034,0.04619886590714014,2.409389615821256,108.51634986235817,0
433.9868080528236,181.98881908962022,0.07615109396074168,4.547078020375844,107.29399678403665,1
273.98062569149465,120.44655100967984,0.12831682044717932,4.031975526491874,113.7347824863358,1
417.7392630711759,166.04355857791245,0.08382282409851227,4.198479224412038,108.0514067680947,1
346.5047613257809,162.15352199119835,0.026093732546956107,2.8391566825308407,108.96565861684336,0
327.21896394979444,166.38764855214197,0.0784216283460668,3.580215476093083,81.17702742153097,0
341.82199711960664,136.67524970597992,0.052213286292548566,0.6869679502863392,86.63492058599785,0
405.5445737364637,192.63993422871627,0.05982038048864883,0.27477705234426963,118.53663195999515,0
399.04820262513635,136.8232665397243,0.045429824418281,4.6352239608071635,108.0682031328964,1
387.4295267260554,200.16864518044696,0.04739613722714949,3.561256317107665,93.7457681204442,0
446.81345359623197,200.52402900087307,0.1387887858943567,2.89649998110121,92.7825228652143,0
333.66697085500823,194.25271671907373,0.08154222197124235,2.659040589961124,114.29035071387666,0
283.1512427458134,201.9702553076878,0.14834147406908454,0.31064017610219,91.01851038089521,0
338.928408281058,206.43970284242332,0.12100151896750798,3.3046226105861107,113.25008938187585,0
368.15852679372176,146.68315392732535,0.13368362135734782,1.66963267815046,92.79238153125378,0
304.5427300696085,180.29466428460137,0.11982498766086444,1.2555007502457345,82.45995674313814,0
336.8454055980324,174.94189976404516,0.0696970615948804,1.8458553959842656,93.82771483094945,0
353.0085307408717,179.29689263269086,0.13289003479079306,2.913857889253446,96.63944963695343,0
386.862824583814,109.7080892693623,0.13573499457952706,3.5899435390069323,112.0463949693905,0
437.8847583999848,123.86923395572168,0.09090931377583669,0.11885368933984652,117.3550679080025,0
416.38659624662085,107.17475001102184,0.1066313763838247,1.0123088014435344,96.02478508465245,0
364.30122064102954,189.90155479569347,0.04874081528106385,0.24781388026148682,100.06370195627346,0
384.8036267003165,189.11059542820044,0.10684041315344654,2.2934992798330747,92.62237422099962,0
294.2019690457032,186.8786399347652,0.12977312683330677,4.3207320828201645,89.02306667629692,1
320.4000921493435,213.66312825365972,0.09557330803363163,3.7899855338490385,107.62308844552145,0
339.0738664758212,162.530324076051,0.05689909117151383,2.375361733329326,100.88222931815463,0
324.407485191195,214.35832266900863,0.09118135701556943,1.7870580539500627,89.0042219563452,0
301.2576008576825,135.54238368818832,0.10948437219198738,1.2174994271482709,98.20645082353155,0
322.25672658925726,155.89733471303504,0.011343356700626217,2.14902644165893,99.49174305572254,0
431.3692190155025,176.0574546596892,0.05775912481673444,4.0592327614901125,83.76229693277806,1
299.0685032366156,149.13080117583957,0.14128361423125202,0.644840627641607,98.95934910825645,0
437.33120208248124,172.78212794130383,0.10186603518566552,4.480404284139109,90.30119472249659,1
401.1765834827455,199.14772134015425,0.08910736153918893,3.979582355844163,86.48751055923827,0
343.33701491728937,124.25559609881404,0.14334060432568196,0.27959420589312195,84.53188740009765,0
278.1966625075517,194.66904231135254,0.07523610252361942,4.568786862240183,103.45395784414578,1
369.3195581187043,191.95848803021283,0.12459422606515327,3.324550166960453,92.75577041621007,0
359.0718286473442,200.2300422521375,0.1027541763853266,4.989364148632352,93.72255846896957,1
399.6218932260209,179.7925016541884,0.052026808646676616,4.694430224268594,96.63934064273379,1
427.48690561803124,131.39475201347915,0.043899710782027195,2.995319751403576,99.59172165452617,0
300.60007168238394,218.39778891246672,0.12787505432622095,0.9633478807113329,118.7640583146979,0
400.9971346491327,152.26004998022623,0.11666436690109894,2.4039499584776083,97.14749985987316,0
368.37803477679597,110.84854595797057,0.07516642258713095,2.427486220829349,86.42412843675027,0
317.4864232540325,147.24515515104045,0.07706035381910258,1.4502850355183836,93.16376453253548,0
438.052699288112,125.32093967162209,0.10619712261006309,4.185517068714278,117.4627342546309,1
291.3039067872918,168.70429703794858,0.028510494424038968,4.853563982738967,96.8199233176006,1
378.93648362213924,186.89907837535424,0.13335888654926978,1.5355482525104098,117.30935057064099,0
403.32521151821453,152.07045587711173,0.05253653911155982,0.6788342231092528,115.61324586000887,0
319.205108004793,178.3524338435003,0.013253290712443553,3.6585847064423977,82.8213391319887,0
325.2955239243778,127.57835164285783,0.10351871050881807,4.608824227170121,94.61951752426928,1
401.4116750218816,211.36881742050213,0.11079767106104076,2.8420216658499187,86.02421561122594,0
286.1514427728147,170.99883755753018,0.031480642045215355,4.741051286100735,104.03494494016054,1
327.0955779058329,205.39624381251667,0.09914424778201991,4.812695791462131,94.90842683200066,1
437.999156769669,125.10804121784167,0.07828680779145293,0.9437019249761185,89.44384523353222,0
404.8943755920403,182.65049606786755,0.07473835783228726,1.1623096432021465,97.14115109259586,0
255.213400966051,158.2704985507872,0.027554910074419778,2.6223829213805594,104.56247675206345,0
290.6961363189548,202.1951104693409,0.04708776425605077,0.8242623845166966,108.37829018848058,0
277.3414272646418,136.81809681323696,0.14524940840179784,4.37559164444387,95.42158486349074,1
332.92244595365975,166.66924171025812,0.12625869170218046,1.0731508713006888,115.44583924322231,0
289.45779016574375,135.38774211689363,0.09474103054791723,1.7332238525442678,82.77977733880171,0
273.10994066137795,218.17204755969533,0.10175090385078328,1.8040814564183902,93.4280846894487,0
361.2600711583637,167.51455357933276,0.020352645032311698,2.516189547888245,119.58450470324303,0
311.6614114642394,119.3432937269852,0.12784145485766976,4.323405138947142,114.63253440396372,1
428.57595957529577,118.03788943530262,0.14239377170344514,3.540202090647232,82.4350552767726,1
336.9853079478341,104.10065185545633,0.07110073446806915,1.6873076784539316,101.73471525939414,0
367.6190169536678,164.1155186991486,0.013012885546121847,1.8768683552874352,112.72721500501642,0
282.9696484926641,199.9659424323338,0.06400814602915691,3.742030030985231,89.29115921342614,0
413.04546927509205,159.40980307480643,0.13484538930144305,1.877927515336068,89.87233043283732,0
320.9767248215342,179.34817027559615,0.08166677463648195,1.9875913181943858,87.65035244365917,0
260.39847485590775,202.69183848926883,0.06713085480810195,0.4430886608690008,100.99625923803569,0
285.5957626902947,167.09752915033928,0.07505449696027813,1.1399045382192046,107.14183409198223,0
416.32553242029854,174.9462294152268,0.06593192528400814,2.761358192419331,109.9985756057316,0
296.64692135912327,178.11944525816153,0.047025441112833716,4.076932072087171,115.00814085626521,1
342.9320301139262,109.50011275882133,0.0829360963368611,3.5896817762752002,96.24518772357712,0
354.4802830030029,148.49052175156004,0.023765848001341267,4.507032968697945,102.01092736158148,1
423.6189435482877,130.38528801618259,0.0732365102584251,0.9983645441453223,108.8856018654617,0
295.370444720403,179.5248342545858,0.03820069101073034,3.831734782290524,88.7835403182996,0
425.75623325483014,159.12671199262553,0.09943914270468376,1.1058983828171751,88.43362857750678,0
280.47335307839256,134.49750363048742,0.07073351388117756,1.2983738792677737,85.92814333253486,0
303.6825337854245,160.5739103649625,0.04412767081583511,1.4370243029918035,106.78276320414523,0
380.2237947638964,144.24593584630856,0.03454027731261594,0.2812453338800174,105.96215854625264,0
285.1823432527624,190.0409097978407,0.06658497047103763,3.4778093004539836,92.33988384938088,0
278.9337821085647,158.4206839607368,0.061390104943918444,2.2120464357728675,97.51381194131669,0
259.47910063776897,112.15463258985557,0.11468163927509765,0.15212697424423616,83.42260778476737,0
348.1121640227158,204.0421345286713,0.02171332416631244,3.517269722091846,81.55478729594115,0
